-- phpMyAdmin SQL Dump
-- version 4.0.4
-- http://www.phpmyadmin.net
--
-- 主机: localhost
-- 生成日期: 2013 年 12 月 10 日 10:22
-- 服务器版本: 5.6.12-log
-- PHP 版本: 5.4.16

SET SQL_MODE = "NO_AUTO_VALUE_ON_ZERO";
SET time_zone = "+00:00";


/*!40101 SET @OLD_CHARACTER_SET_CLIENT=@@CHARACTER_SET_CLIENT */;
/*!40101 SET @OLD_CHARACTER_SET_RESULTS=@@CHARACTER_SET_RESULTS */;
/*!40101 SET @OLD_COLLATION_CONNECTION=@@COLLATION_CONNECTION */;
/*!40101 SET NAMES utf8 */;

--
-- 数据库: `sestudy`
--
CREATE DATABASE IF NOT EXISTS `sestudy` DEFAULT CHARACTER SET utf8 COLLATE utf8_unicode_ci;
USE `sestudy`;

-- --------------------------------------------------------

--
-- 表的结构 `intro`
--

CREATE TABLE IF NOT EXISTS `intro` (
  `course` int(8) NOT NULL,
  `c_name` varchar(32) COLLATE utf8_unicode_ci NOT NULL,
  `e_name` varchar(128) COLLATE utf8_unicode_ci NOT NULL,
  `course_code` int(8) NOT NULL,
  `academy` varchar(32) COLLATE utf8_unicode_ci NOT NULL,
  `credit_hour` decimal(5,1) NOT NULL,
  `week_hour` varchar(16) COLLATE utf8_unicode_ci NOT NULL,
  `season` varchar(8) COLLATE utf8_unicode_ci NOT NULL,
  `belong` varchar(32) COLLATE utf8_unicode_ci NOT NULL,
  `requirement` varchar(128) COLLATE utf8_unicode_ci NOT NULL,
  `textbook` text COLLATE utf8_unicode_ci NOT NULL,
  `c_intro` text COLLATE utf8_unicode_ci NOT NULL,
  `e_intro` text COLLATE utf8_unicode_ci NOT NULL,
  PRIMARY KEY (`course`),
  UNIQUE KEY `course` (`course`)
) ENGINE=InnoDB DEFAULT CHARSET=utf8 COLLATE=utf8_unicode_ci;

--
-- 转存表中的数据 `intro`
--

INSERT INTO `intro` (`course`, `c_name`, `e_name`, `course_code`, `academy`, `credit_hour`, `week_hour`, `season`, `belong`, `requirement`, `textbook`, `c_intro`, `e_intro`) VALUES
(1, '软件需求分析与设计', 'Software Demand Analysis & Design', 22190880, '软件学院', '3.5', '3.0-1.0', '秋冬', '软件工程专业必修课', '软件工程', '<p><span style="font-size:14px;font-family:宋体;color:black">《软件需求》第</span><span style="font-size:14px;font-family:&#39;Simsun&#39;,&#39;serif&#39;;color:black">2</span><span style="font-size:14px;font-family:宋体;color:black">版，</span><span style="font-size:14px;font-family:&#39;Simsun&#39;,&#39;serif&#39;;color:black">[</span><span style="font-size:14px;font-family:宋体;color:black">美</span><span style="font-size:14px;font-family:&#39;Simsun&#39;,&#39;serif&#39;;color:black">] Karl E. Wiegers </span><span style="font-size:14px;font-family:宋体;color:black">著，刘伟琴、刘洪涛</span><span style="font-size:14px;font-family:宋体;color:black">译，</span><span style="font-size:14px;font-family:&#39;Simsun&#39;,&#39;serif&#39;;color:black">2004</span><span style="font-size:14px;font-family:宋体;color:black">年</span><span style="font-size:14px;font-family:&#39;Simsun&#39;,&#39;serif&#39;;color:black">11</span><span style="font-size:14px;font-family:宋体;color:black">月第</span><span style="font-size:14px;font-family:&#39;Simsun&#39;,&#39;serif&#39;;color:black">1</span><span style="font-size:14px;font-family:宋体;color:black">版，清华大学出版社</span></p><p><span style="font-size:14px;font-family:宋体;color:black"><img src="http://localhost/sestudy/resource/ueditor/php/upload/20131205/13862178641235.jpg" _src="http://localhost/sestudy/resource/ueditor/php/upload/20131205/13862178641235.jpg" width="120" height="172"/></span></p>', '<p><span style=";font-family:宋体">《软件需求分析与设计》是软件开发及软件工程人员的一门基础技能课程，该课程主要介绍软件需求工程的基本理论，包括：需求工程的基本概念，需求工程。需求过程主要包括需求开发和需求管理两个部分：需求开发包括需求获取、需求分析、规格定义和需求验证四个方面；需求管理包括需求评审、需求变更控制和需求跟踪等内容。</span></p><p><span style=";font-family:宋体">同时，该课程介绍了实际的需求工程应用技术，主要包括需求获取的方法、各种需求分析技术，需求规格的要求</span><span>,</span><span style=";font-family:宋体">了解主要的需求管理工具使用方法等。</span></p><p><span style="font-size:14px;font-family:宋体">该课程还介绍了软件需求分析与设计中的通用技术，主要是</span><span style="font-size:14px;font-family:&#39;Calibri&#39;,&#39;sans-serif&#39;">UML</span><span style="font-size:14px;font-family:宋体">技术与方法，包括：面向对象的分析与设计技术概述、</span><span style="font-size:14px;font-family:&#39;Calibri&#39;,&#39;sans-serif&#39;">UML</span><span style="font-size:14px;font-family:宋体">发展历史概述、</span><span style="font-size:14px;font-family:&#39;Calibri&#39;,&#39;sans-serif&#39;">UML</span><span style="font-size:14px;font-family:宋体">技术中主要的</span><span style="font-size:14px;font-family:&#39;Calibri&#39;,&#39;sans-serif&#39;">13</span><span style="font-size:14px;font-family:宋体">类图表的制作方法、设计模式概念的介绍、</span><span style="font-size:14px;font-family:&#39;Calibri&#39;,&#39;sans-serif&#39;">UML</span><span style="font-size:14px;font-family:宋体">开发工具的介绍以及如何编写初步的软件概要设计说明。</span></p>', '<p><span style=";font-family:&#39;Arial&#39;,&#39;sans-serif&#39;">Introducethe basic conceptions of Software Requirement Engineering</span></p><p class="MsoListParagraph" style="margin-left: 28px"><span style=";font-family:Wingdings">l<span style="font-size: 9px;line-height: normal;font-family: &#39;Times New Roman&#39;">&nbsp; </span></span><span style=";font-family:&#39;Arial&#39;,&#39;sans-serif&#39;">Twoprocesses : requirement development process and requirement management process</span></p><p class="MsoListParagraph" style="margin-left: 56px"><span style=";font-family:Wingdings">ü<span style="font-size: 9px;line-height: normal;font-family: &#39;Times New Roman&#39;">&nbsp; </span></span><span style=";font-family:&#39;Arial&#39;,&#39;sans-serif&#39;">Development: acquisition, analyst, specification &amp; verification</span></p><p class="MsoListParagraph" style="margin-left: 56px"><span style=";font-family:Wingdings">ü<span style="font-size: 9px;line-height: normal;font-family: &#39;Times New Roman&#39;">&nbsp; </span></span><span style=";font-family:&#39;Arial&#39;,&#39;sans-serif&#39;">Management: review, change control, management &amp; tracing </span></p><p><span style=";font-family:&#39;Arial&#39;,&#39;sans-serif&#39;">Howto used SRE in practice</span></p><p class="MsoListParagraph" style="margin-left: 28px"><span style=";font-family:Wingdings">l<span style="font-size: 9px;line-height: normal;font-family: &#39;Times New Roman&#39;">&nbsp; </span></span><span style=";font-family:&#39;Arial&#39;,&#39;sans-serif&#39;">Methodsand techniques for acquisition, analyst &amp; specification</span></p><p><span style=";font-family:&#39;Arial&#39;,&#39;sans-serif&#39;">Generaltechnique for Software Requirement Analysis &amp; Design (SRA&amp;D)</span></p><p class="MsoListParagraph" style="margin-left: 28px"><span style=";font-family:Wingdings">l<span style="font-size: 9px;line-height: normal;font-family: &#39;Times New Roman&#39;">&nbsp; </span></span><span style=";font-family:&#39;Arial&#39;,&#39;sans-serif&#39;">OOA&amp; D</span></p><p class="MsoListParagraph" style="margin-left: 28px"><span style=";font-family:Wingdings">l<span style="font-size: 9px;line-height: normal;font-family: &#39;Times New Roman&#39;">&nbsp; </span></span><span style=";font-family:&#39;Arial&#39;,&#39;sans-serif&#39;">UnifiedModeling Language – UML</span></p><p class="MsoListParagraph" style="margin-left: 56px"><span style=";font-family:Wingdings">ü<span style="font-size: 9px;line-height: normal;font-family: &#39;Times New Roman&#39;">&nbsp; </span></span><span style=";font-family:&#39;Arial&#39;,&#39;sans-serif&#39;">UMLhistory/background</span></p><p class="MsoListParagraph" style="margin-left: 56px"><span style=";font-family:Wingdings">ü<span style="font-size: 9px;line-height: normal;font-family: &#39;Times New Roman&#39;">&nbsp; </span></span><span style=";font-family:&#39;Arial&#39;,&#39;sans-serif&#39;">13diagrams used in UML</span></p><p class="MsoListParagraph" style="margin-left: 56px"><span style=";font-family:Wingdings">ü<span style="font-size: 9px;line-height: normal;font-family: &#39;Times New Roman&#39;">&nbsp; </span></span><span style=";font-family:&#39;Arial&#39;,&#39;sans-serif&#39;">Designpattern conception</span></p><p class="MsoListParagraph" style="margin-left: 56px"><span style=";font-family:Wingdings">ü<span style="font-size: 9px;line-height: normal;font-family: &#39;Times New Roman&#39;">&nbsp; </span></span><span style=";font-family:&#39;Arial&#39;,&#39;sans-serif&#39;">UMLtools</span></p><p><span style="font-size:14px;font-family:&#39;Arial&#39;,&#39;sans-serif&#39;">WriteSoftware Brief Design Specification</span></p>'),
(2, '项目管理与案例分析', '', 0, '0', '0.0', '0', '0', '0', '0', '<p>0</p>', '<p>0</p>', '<p>0</p>'),
(3, '0', '0', 0, '0', '0.0', '0', '0', '0', '0', '0', '0', '0');

-- --------------------------------------------------------

--
-- 表的结构 `notice`
--

CREATE TABLE IF NOT EXISTS `notice` (
  `nid` int(8) NOT NULL,
  `course` int(8) NOT NULL,
  `inhome` int(8) NOT NULL,
  `userid` varchar(20) COLLATE utf8_unicode_ci NOT NULL,
  `username` varchar(32) COLLATE utf8_unicode_ci NOT NULL,
  `title` varchar(128) COLLATE utf8_unicode_ci NOT NULL,
  `detail` text COLLATE utf8_unicode_ci NOT NULL,
  `date` date NOT NULL,
  `datetime` datetime NOT NULL,
  PRIMARY KEY (`nid`),
  UNIQUE KEY `id` (`nid`)
) ENGINE=InnoDB DEFAULT CHARSET=utf8 COLLATE=utf8_unicode_ci;

--
-- 转存表中的数据 `notice`
--

INSERT INTO `notice` (`nid`, `course`, `inhome`, `userid`, `username`, `title`, `detail`, `date`, `datetime`) VALUES
(1, 1, 1, '123', '测试员', '这是一个短标题测试', '<p>这是一个短标题测试</p>', '2013-12-08', '2013-12-08 17:29:43'),
(2, 2, 1, '123', '测试员', '你好', '你好', '2013-12-05', '2013-12-05 03:10:24'),
(3, 1, 1, '123', '测试员', '这是一个长标题测试啊啊啊啊啊啊啊啊啊啊啊啊啊啊啊啊啊啊啊啊啊啊啊', '<p>这是一个长标题测试啊啊啊啊啊啊啊啊啊啊啊啊啊啊啊啊啊啊啊啊啊啊啊</p>', '2013-12-08', '2013-12-08 17:30:05'),
(4, 1, 0, '123', '测试员', '这是一个长标题测试啊啊啊啊啊啊啊啊啊啊啊啊啊啊啊啊啊啊啊啊啊啊啊', '<p>这是一个长标题测试啊啊啊啊啊啊啊啊啊啊啊啊啊啊啊啊啊啊啊啊啊啊啊</p>', '2013-12-08', '2013-12-08 17:30:16'),
(5, 3, 1, '123', '测试员', 'hello', 'hello', '2013-12-04', '2013-12-04 05:25:30'),
(6, 1, 0, '123', '测试员', '这是一个短标题测试', '<p>这是一个短标题测试</p>', '2013-12-08', '2013-12-08 17:30:45'),
(7, 1, 1, '123', '测试员', '这是一个长标题测试啊啊啊啊啊啊啊啊啊啊啊啊啊啊啊啊啊啊啊啊啊啊啊', '<p>这是一个长标题测试啊啊啊啊啊啊啊啊啊啊啊啊啊啊啊啊啊啊啊啊啊啊啊</p>', '2013-12-08', '2013-12-08 17:30:59'),
(8, 3, 1, '123', '测试员', '主页', '主页', '2013-12-08', '2013-12-08 18:37:20'),
(9, 2, 1, '123', '测试员', 'home test', 'home test', '2013-12-05', '2013-12-05 06:27:21'),
(10, 1, 1, '123', '测试员', 'create test', '<p>create test</p>', '2013-12-08', '2013-12-08 17:31:59'),
(12, 1, 0, '123', '测试员', 'home test看不到我！', '<p>home test看不到我！</p>', '2013-12-08', '2013-12-08 18:22:15'),
(13, 1, 1, '123', '测试员', 'delete test', '<p>delete test</p>', '2013-12-08', '2013-12-08 18:22:29'),
(14, 3, 0, '123', '测试员', '123', '123', '2013-12-08', '2013-12-08 18:42:20'),
(15, 1, 1, '123', '测试员', 'test1', '<p>test1</p>', '2013-12-10', '2013-12-10 02:13:07'),
(16, 1, 1, '123', '测试员', 'test2', '<p>test2</p>', '2013-12-10', '2013-12-10 02:13:26'),
(17, 1, 1, '123', '测试员', 'test3', '<p>test3</p>', '2013-12-10', '2013-12-10 02:14:09'),
(18, 1, 1, '123', '测试员', 'test4', '<p>test4</p>', '2013-12-10', '2013-12-10 02:15:04'),
(19, 1, 1, '123', '测试员', 'test5', '<p>5</p>', '2013-12-10', '2013-12-10 10:05:22'),
(21, 1, 1, '123', '测试员', 'test7', '<p>7</p>', '2013-12-10', '2013-12-10 10:05:54'),
(22, 1, 1, '123', '测试员', 'test8', '<p>8</p>', '2013-12-10', '2013-12-10 10:05:46'),
(23, 1, 1, '123', '测试员', 'test9', '<p>9</p>', '2013-12-10', '2013-12-10 10:05:39'),
(24, 1, 1, '123', '测试员', 'test10', '<p>10</p>', '2013-12-10', '2013-12-10 10:05:30');

-- --------------------------------------------------------

--
-- 表的结构 `outline`
--

CREATE TABLE IF NOT EXISTS `outline` (
  `course` int(8) NOT NULL,
  `target` text COLLATE utf8_unicode_ci NOT NULL,
  `requirement` text COLLATE utf8_unicode_ci NOT NULL,
  `arrangement` text COLLATE utf8_unicode_ci NOT NULL,
  `recommendation` text COLLATE utf8_unicode_ci NOT NULL,
  PRIMARY KEY (`course`),
  UNIQUE KEY `course` (`course`)
) ENGINE=InnoDB DEFAULT CHARSET=utf8 COLLATE=utf8_unicode_ci;

--
-- 转存表中的数据 `outline`
--

INSERT INTO `outline` (`course`, `target`, `requirement`, `arrangement`, `recommendation`) VALUES
(1, '<p><span style="font-family: 宋体; background-color: rgb(255, 255, 255);">（一）学习目标</span></p><p><span style="background-color: rgb(255, 255, 255);"><span style="font-family:宋体">使学生系统地掌握需求开发和管理的技术和方法，掌握需求分析和建模的技术和方法，掌握需求规格的验证和评审等要点和方法，掌握应用</span><span>UML</span><span style="font-family:宋体">进行软件分析与设计的技术和方法。</span></span></p><p><span style="font-family: 宋体; background-color: rgb(255, 255, 255);">（二）可测量结果</span></p><p><span style="font-family: 宋体; background-color: rgb(255, 255, 255);">结合具体的实际项目开发，解决软件项目开发中的有关需求的各种问题，能够适应目前各种应用项目的系统的需求开发和管理工作。</span></p>', '<p><span style="font-family:宋体">（一）授课方式与要求</span></p><p><span style="font-family:宋体">课堂授课</span><span>16</span><span style="font-family:宋体">次</span><span>,</span><span style="font-family:宋体">每次</span><span>3</span><span style="font-family:宋体">个学时</span><span>,</span><span style="font-family:宋体">具体内容如下</span><span>:</span></p><table border="1" cellspacing="0" cellpadding="0" style="border: none"><tbody><tr><td width="198" valign="top" style="width: 198px;border-color: windowtext;border-width: 1px;padding: 0 7px"><p><span style="font-family:宋体">知识模块</span><span>&nbsp;&nbsp;&nbsp;&nbsp;&nbsp;&nbsp;&nbsp;&nbsp; </span></p></td><td width="284" valign="top" style="width: 284px;border-top-color: windowtext;border-right-color: windowtext;border-bottom-color: windowtext;border-top-width: 1px;border-right-width: 1px;border-bottom-width: 1px;border-left-style: none;padding: 0 7px"><p><span style="font-family:宋体">内容</span></p></td><td width="71" valign="top" style="width: 71px;border-top-color: windowtext;border-right-color: windowtext;border-bottom-color: windowtext;border-top-width: 1px;border-right-width: 1px;border-bottom-width: 1px;border-left-style: none;padding: 0 7px"><p><span style="font-family:宋体">学时（课堂讲授）</span></p></td></tr><tr><td width="198" valign="top" style="width: 198px;border-right-color: windowtext;border-bottom-color: windowtext;border-left-color: windowtext;border-right-width: 1px;border-bottom-width: 1px;border-left-width: 1px;border-top-style: none;padding: 0 7px"><p><span style="font-family:宋体">软件需求分析与软件设计概述</span></p></td><td width="284" valign="top" style="width: 284px;border-top-style: none;border-left-style: none;border-bottom-color: windowtext;border-bottom-width: 1px;border-right-color: windowtext;border-right-width: 1px;padding: 0 7px"><p><span style="font-family:宋体">需求工程发展过程</span></p><p><span style="font-family:宋体">软件需求分析基本概念</span></p><p><span style="font-family:宋体">需求工程的主要过程和方法</span></p><p><span style="font-family:宋体">软件设计基本概念</span></p><p><span style="font-family:宋体">软件设计的主要过程和方法</span></p><p><span style="font-family:宋体">相关知识体系介绍</span></p></td><td width="71" valign="top" style="width: 71px;border-top-style: none;border-left-style: none;border-bottom-color: windowtext;border-bottom-width: 1px;border-right-color: windowtext;border-right-width: 1px;padding: 0 7px"><p><span>6</span></p></td></tr><tr><td width="198" valign="top" style="width: 198px;border-right-color: windowtext;border-bottom-color: windowtext;border-left-color: windowtext;border-right-width: 1px;border-bottom-width: 1px;border-left-width: 1px;border-top-style: none;padding: 0 7px"><p><span style="font-family:宋体">软件需求获取与分析</span></p></td><td width="284" valign="top" style="width: 284px;border-top-style: none;border-left-style: none;border-bottom-color: windowtext;border-bottom-width: 1px;border-right-color: windowtext;border-right-width: 1px;padding: 0 7px"><p><span style="font-family:宋体">需求获取的指导方针</span></p><p><span style="font-family:宋体">需求获取的主要方法与技术</span></p><p><span style="font-family:宋体">需求分析的目的</span></p><p><span style="font-family:宋体">需求分析的主要方法</span></p></td><td width="71" valign="top" style="width: 71px;border-top-style: none;border-left-style: none;border-bottom-color: windowtext;border-bottom-width: 1px;border-right-color: windowtext;border-right-width: 1px;padding: 0 7px"><p><span>12</span></p></td></tr><tr><td width="198" valign="top" style="width: 198px;border-right-color: windowtext;border-bottom-color: windowtext;border-left-color: windowtext;border-right-width: 1px;border-bottom-width: 1px;border-left-width: 1px;border-top-style: none;padding: 0 7px"><p><span style="font-family:宋体">软件需求规范与管理</span></p></td><td width="284" valign="top" style="width: 284px;border-top-style: none;border-left-style: none;border-bottom-color: windowtext;border-bottom-width: 1px;border-right-color: windowtext;border-right-width: 1px;padding: 0 7px"><p><span style="font-family:宋体">需求规格说明的目的</span></p><p><span style="font-family:宋体">需求规格说明的主要方法</span></p><p><span style="font-family:宋体">需求验证与审核的主要方法</span></p><p><span style="font-family:宋体">需求管理的目的</span></p><p><span style="font-family:宋体">需求管理的主要方法与步骤</span></p></td><td width="71" valign="top" style="width: 71px;border-top-style: none;border-left-style: none;border-bottom-color: windowtext;border-bottom-width: 1px;border-right-color: windowtext;border-right-width: 1px;padding: 0 7px"><p><span>12</span></p></td></tr><tr><td width="198" valign="top" style="width: 198px;border-right-color: windowtext;border-bottom-color: windowtext;border-left-color: windowtext;border-right-width: 1px;border-bottom-width: 1px;border-left-width: 1px;border-top-style: none;padding: 0 7px"><p><span style="font-family:宋体">软件设计基础</span></p></td><td width="284" valign="top" style="width: 284px;border-top-style: none;border-left-style: none;border-bottom-color: windowtext;border-bottom-width: 1px;border-right-color: windowtext;border-right-width: 1px;padding: 0 7px"><p><span>UML</span><span style="font-family:宋体">分析设计方法介绍</span></p><p><span>UML</span><span style="font-family:宋体">各种建模工具（图）的作用及使用</span></p><p><span style="font-family:宋体">软件图形化建模工具介绍</span></p></td><td width="71" valign="top" style="width: 71px;border-top-style: none;border-left-style: none;border-bottom-color: windowtext;border-bottom-width: 1px;border-right-color: windowtext;border-right-width: 1px;padding: 0 7px"><p><span>12</span></p></td></tr><tr style=";height:212px"><td width="198" valign="top" style="width: 198px;border-right-color: windowtext;border-bottom-color: windowtext;border-left-color: windowtext;border-right-width: 1px;border-bottom-width: 1px;border-left-width: 1px;border-top-style: none;padding: 0 7px;height: 212px"><p><span style="font-family:宋体">软件需求分析与设计实践</span></p></td><td width="284" valign="top" style="width: 284px;border-top-style: none;border-left-style: none;border-bottom-color: windowtext;border-bottom-width: 1px;border-right-color: windowtext;border-right-width: 1px;padding: 0 7px;height: 212px"><p><span style="font-family:宋体">根据课程作业要求编写《需求分析与设计项目计划》</span> &nbsp;<span style="font-family:宋体">实践需求工程的各个过程：需求识别、需求分析与设计</span></p><p><span>OOA</span><span style="font-family:宋体">方法，</span><span>UML</span><span style="font-family:宋体">描述</span></p><p><span style="font-family:宋体">需求定义：软件需求说明文档、需求管理：变更的控制与跟踪记录报告</span></p><p><span style="font-family:宋体">采用</span><span>UML</span><span style="font-family:宋体">方法，完成基本的软件概要设计说明书</span></p><p><span style="font-family:宋体">提出改进措施：技术方法的改进，软件需求分析及设计过程的改进建议</span></p></td><td width="71" valign="top" style="width: 71px;border-top-style: none;border-left-style: none;border-bottom-color: windowtext;border-bottom-width: 1px;border-right-color: windowtext;border-right-width: 1px;padding: 0 7px;height: 212px"><p><span>6</span></p></td></tr></tbody></table><p><span>&nbsp;</span></p><p><span style="font-family:宋体">（二）</span><span>&nbsp;&nbsp;&nbsp;&nbsp; </span><span style="font-family:宋体">考试评分与建议</span></p><p><span style="font-family:宋体">以大型课程作业的方式，采用项目管理的方法，对具体课程作业内容项目：对“软件工程教学辅助系统”项目的需求进行分析与设计。</span></p><p><span style="font-family:宋体">课程作业要求：</span></p><p class="MsoListParagraph" style="margin-left:28px"><span>1.<span style="font-size: 9px;line-height: normal;font-family: &#39;Times New Roman&#39;">&nbsp;&nbsp;&nbsp;&nbsp;&nbsp;&nbsp;&nbsp;&nbsp;</span></span><span style="font-family:宋体">每</span><span>5-8</span><span style="font-family:宋体">人组成一个项目小组，在项目经理（组长）的领导下，团结协作共同完成课程作业。</span></p><p class="MsoListParagraph" style="margin-left:28px"><span>2.<span style="font-size: 9px;line-height: normal;font-family: &#39;Times New Roman&#39;">&nbsp;&nbsp;&nbsp;&nbsp;&nbsp;&nbsp;&nbsp;&nbsp;</span></span><span style="font-family:宋体">提供的《需求分析与设计项目计划》</span></p><p class="MsoListParagraph" style="margin-left:28px"><span>3.<span style="font-size: 9px;line-height: normal;font-family: &#39;Times New Roman&#39;">&nbsp;&nbsp;&nbsp;&nbsp;&nbsp;&nbsp;&nbsp;&nbsp;</span></span><span style="font-family:宋体">实践需求工程的各个过程，主要包括：</span></p><p class="MsoListParagraph" style="margin-left:56px"><span>a.<span style="font-size: 9px;line-height: normal;font-family: &#39;Times New Roman&#39;">&nbsp;&nbsp;&nbsp;&nbsp;&nbsp;&nbsp;&nbsp;&nbsp;</span></span><span style="font-family:宋体">需求识别：教师、学生、技术专家等需求</span></p><p class="MsoListParagraph" style="margin-left:56px"><span>b.<span style="font-size: 9px;line-height: normal;font-family: &#39;Times New Roman&#39;">&nbsp;&nbsp;&nbsp;&nbsp;&nbsp;&nbsp;&nbsp;&nbsp;</span></span><span style="font-family:宋体">重点完成需求分析与设计：</span><span>OOA</span><span style="font-family:宋体">方法，</span><span>UML</span><span style="font-family:宋体">描述</span></p><p class="MsoListParagraph" style="margin-left:56px"><span>c.<span style="font-size: 9px;line-height: normal;font-family: &#39;Times New Roman&#39;">&nbsp;&nbsp;&nbsp;&nbsp;&nbsp;&nbsp;&nbsp;&nbsp;</span></span><span style="font-family:宋体">需求定义：软件需求说明文档</span></p><p class="MsoListParagraph" style="margin-left:56px"><span>d.<span style="font-size: 9px;line-height: normal;font-family: &#39;Times New Roman&#39;">&nbsp;&nbsp;&nbsp;&nbsp;&nbsp;&nbsp;&nbsp;&nbsp;</span></span><span style="font-family:宋体">需求的确认：需求评审会议及报告，需求基准</span><span>SRS</span></p><p class="MsoListParagraph" style="margin-left:56px"><span>e.<span style="font-size: 9px;line-height: normal;font-family: &#39;Times New Roman&#39;">&nbsp;&nbsp;&nbsp;&nbsp;&nbsp;&nbsp;&nbsp;&nbsp;</span></span><span style="font-family:宋体">需求管理：变更的控制与跟踪记录报告</span></p><p class="MsoListParagraph" style="margin-left:28px"><span>4.<span style="font-size: 9px;line-height: normal;font-family: &#39;Times New Roman&#39;">&nbsp;&nbsp;&nbsp;&nbsp;&nbsp;&nbsp;&nbsp;&nbsp;</span></span><span style="font-family:宋体">采用</span><span>UML</span><span style="font-family:宋体">方法，完成基本的软件概要设计说明书</span></p><p class="MsoListParagraph" style="margin-left:28px"><span>5.<span style="font-size: 9px;line-height: normal;font-family: &#39;Times New Roman&#39;">&nbsp;&nbsp;&nbsp;&nbsp;&nbsp;&nbsp;&nbsp;&nbsp;</span></span><span style="font-family:宋体">提出改进措施：</span></p><p><span>&nbsp;&nbsp;&nbsp;&nbsp;&nbsp;&nbsp;&nbsp;&nbsp; </span><span style="font-family:宋体">技术方法的改进，软件需求分析及设计过程的改进建议</span></p><p><span>&nbsp;</span></p><p><span style="font-family:宋体">考核方式</span><span>:</span></p><p><span style="font-family:宋体">按照课程作业的三个里程碑分别进行讲评，最后每组准备</span><span>10</span><span style="font-family:宋体">分钟</span><span>PPT</span><span style="font-family:宋体">进行讲解，由全部小组的组长对其进行评审、打分，去掉最高和最低分，取平均分数占总分的</span><span>80%</span><span style="font-family:宋体">，教师综合平时情况给出的分数占</span><span>20%</span><span style="font-family:宋体">。</span></p>', '<table border="1" cellspacing="0" cellpadding="0" width="615" style="border: none"><tbody><tr><td width="47" valign="top" style="width: 47px;border-color: windowtext;border-width: 1px;padding: 0 7px"><p style="text-align:center"><span style="font-family:宋体">学期</span></p></td><td width="57" valign="top" style="width: 57px;border-top-color: windowtext;border-right-color: windowtext;border-bottom-color: windowtext;border-top-width: 1px;border-right-width: 1px;border-bottom-width: 1px;border-left-style: none;padding: 0 7px"><p style="text-align:center"><span style="font-family:宋体">教学周</span></p></td><td width="180" valign="top" style="width: 180px;border-top-color: windowtext;border-right-color: windowtext;border-bottom-color: windowtext;border-top-width: 1px;border-right-width: 1px;border-bottom-width: 1px;border-left-style: none;padding: 0 7px"><p style="text-align:center"><span style="font-family:宋体">课堂教学</span></p></td><td width="62" valign="top" style="width: 62px;border-top-color: windowtext;border-right-color: windowtext;border-bottom-color: windowtext;border-top-width: 1px;border-right-width: 1px;border-bottom-width: 1px;border-left-style: none;padding: 0 7px"><p style="text-align:center"><span style="font-family:宋体">阅读</span></p></td><td width="175" valign="top" style="width: 175px;border-top-color: windowtext;border-right-color: windowtext;border-bottom-color: windowtext;border-top-width: 1px;border-right-width: 1px;border-bottom-width: 1px;border-left-style: none;padding: 0 7px"><p style="text-align:center"><span style="font-family:宋体">项目任务（及里程碑）</span></p></td><td width="95" valign="top" style="width: 95px;border-top-color: windowtext;border-right-color: windowtext;border-bottom-color: windowtext;border-top-width: 1px;border-right-width: 1px;border-bottom-width: 1px;border-left-style: none;padding: 0 7px"><p style="text-align:center"><span style="font-family:宋体">截止</span></p></td></tr><tr><td width="47" rowspan="9" valign="top" style="width: 47px;border-right-color: windowtext;border-bottom-color: windowtext;border-left-color: windowtext;border-right-width: 1px;border-bottom-width: 1px;border-left-width: 1px;border-top-style: none;padding: 0 7px"><p style="text-align:center"><span style="font-family:宋体">秋</span></p><p style="text-align:center"><span style="font-family:宋体">学</span></p><p style="text-align:center"><span style="font-family:宋体">期</span></p></td><td width="57" valign="top" style="width: 57px;border-top-style: none;border-left-style: none;border-bottom-color: windowtext;border-bottom-width: 1px;border-right-color: windowtext;border-right-width: 1px;padding: 0 7px"><p style="text-align:center"><span>1</span></p></td><td width="180" valign="top" style="width: 180px;border-top-style: none;border-left-style: none;border-bottom-color: windowtext;border-bottom-width: 1px;border-right-color: windowtext;border-right-width: 1px;padding: 0 7px"><p><span>SRE Course Brief</span></p></td><td width="62" valign="top" style="width: 62px;border-top-style: none;border-left-style: none;border-bottom-color: windowtext;border-bottom-width: 1px;border-right-color: windowtext;border-right-width: 1px;padding: 0 7px"><p style="text-align:center"><span>&nbsp;</span></p></td><td width="175" rowspan="2" valign="top" style="width: 175px;border-top-style: none;border-left-style: none;border-bottom-color: windowtext;border-bottom-width: 1px;border-right-color: windowtext;border-right-width: 1px;padding: 0 7px"><p><span style="font-family:宋体">分组，建立通讯录、角色分工、例会制度、日报制度等</span></p><p><span style="font-family:宋体">完成《人员分组表》</span></p></td><td width="95" valign="top" style="width: 95px;border-top-style: none;border-left-style: none;border-bottom-color: windowtext;border-bottom-width: 1px;border-right-color: windowtext;border-right-width: 1px;padding: 0 7px"><p style="text-align:center"><span>&nbsp;</span></p></td></tr><tr><td width="57" valign="top" style="width: 57px;border-top-style: none;border-left-style: none;border-bottom-color: windowtext;border-bottom-width: 1px;border-right-color: windowtext;border-right-width: 1px;padding: 0 7px"><p style="text-align:center"><span>2</span></p></td><td width="180" valign="top" style="width: 180px;border-top-style: none;border-left-style: none;border-bottom-color: windowtext;border-bottom-width: 1px;border-right-color: windowtext;border-right-width: 1px;padding: 0 7px"><p><span>SRE Introduction</span></p></td><td width="62" valign="top" style="width: 62px;border-top-style: none;border-left-style: none;border-bottom-color: windowtext;border-bottom-width: 1px;border-right-color: windowtext;border-right-width: 1px;padding: 0 7px"><p style="text-align:center"><span>1,2,3</span></p></td><td width="95" valign="top" style="width: 95px;border-top-style: none;border-left-style: none;border-bottom-color: windowtext;border-bottom-width: 1px;border-right-color: windowtext;border-right-width: 1px;padding: 0 7px"><p style="text-align:center"><span>&nbsp;</span></p></td></tr><tr><td width="57" valign="top" style="width: 57px;border-top-style: none;border-left-style: none;border-bottom-color: windowtext;border-bottom-width: 1px;border-right-color: windowtext;border-right-width: 1px;padding: 0 7px"><p style="text-align:center"><span>3</span></p></td><td width="180" valign="top" style="width: 180px;border-top-style: none;border-left-style: none;border-bottom-color: windowtext;border-bottom-width: 1px;border-right-color: windowtext;border-right-width: 1px;padding: 0 7px"><p><span>SRE Overview</span></p><p style="text-align:right"><span style="font-family:宋体">发布《项目描述》</span></p></td><td width="62" valign="top" style="width: 62px;border-top-style: none;border-left-style: none;border-bottom-color: windowtext;border-bottom-width: 1px;border-right-color: windowtext;border-right-width: 1px;padding: 0 7px"><p style="text-align:center"><span>4,5,(13)</span></p></td><td width="175" valign="top" style="width: 175px;border-top-style: none;border-left-style: none;border-bottom-color: windowtext;border-bottom-width: 1px;border-right-color: windowtext;border-right-width: 1px;padding: 0 7px"><p><span>&nbsp;</span></p><p><span style="font-family:宋体">《项目章程》</span></p></td><td width="95" valign="top" style="width: 95px;border-top-style: none;border-left-style: none;border-bottom-color: windowtext;border-bottom-width: 1px;border-right-color: windowtext;border-right-width: 1px;padding: 0 7px"><p style="text-align:center"><span>Sep &nbsp;29</span></p></td></tr><tr><td width="57" valign="top" style="width: 57px;border-top-style: none;border-left-style: none;border-bottom-color: windowtext;border-bottom-width: 1px;border-right-color: windowtext;border-right-width: 1px;padding: 0 7px"><p style="text-align:center"><span>4</span></p></td><td width="180" valign="top" style="width: 180px;border-top-style: none;border-left-style: none;border-bottom-color: windowtext;border-bottom-width: 1px;border-right-color: windowtext;border-right-width: 1px;padding: 0 7px"><p style="text-align:right"><span>UML summarize</span></p></td><td width="62" valign="top" style="width: 62px;border-top-style: none;border-left-style: none;border-bottom-color: windowtext;border-bottom-width: 1px;border-right-color: windowtext;border-right-width: 1px;padding: 0 7px"><p style="text-align:center"><span>&nbsp;</span></p></td><td width="175" valign="top" style="width: 175px;border-top-style: none;border-left-style: none;border-bottom-color: windowtext;border-bottom-width: 1px;border-right-color: windowtext;border-right-width: 1px;padding: 0 7px"><p><span style="font-family:宋体">《项目可行性报告》</span></p><p><span style="font-family:宋体">《项目总体计划》</span></p><p><span style="font-family:宋体;color:red">《需求工程计划</span><span style="color:red">-</span><span style="font-family:宋体;color:red">初步》</span></p></td><td width="95" valign="top" style="width: 95px;border-top-style: none;border-left-style: none;border-bottom-color: windowtext;border-bottom-width: 1px;border-right-color: windowtext;border-right-width: 1px;padding: 0 7px"><p style="text-align:center"><span>Oct &nbsp;12</span></p></td></tr><tr><td width="57" valign="top" style="width: 57px;border-top-style: none;border-left-style: none;border-bottom-color: windowtext;border-bottom-width: 1px;border-right-color: windowtext;border-right-width: 1px;padding: 0 7px"><p style="text-align:center"><span>5</span></p></td><td width="180" valign="top" style="width: 180px;border-top-style: none;border-left-style: none;border-bottom-color: windowtext;border-bottom-width: 1px;border-right-color: windowtext;border-right-width: 1px;padding: 0 7px"><p style="text-align:right"><span>UML tools: Rational Rose</span></p></td><td width="62" valign="top" style="width: 62px;border-top-style: none;border-left-style: none;border-bottom-color: windowtext;border-bottom-width: 1px;border-right-color: windowtext;border-right-width: 1px;padding: 0 7px"><p style="text-align:center"><span>&nbsp;</span></p></td><td width="175" valign="top" style="width: 175px;border-top-style: none;border-left-style: none;border-bottom-color: windowtext;border-bottom-width: 1px;border-right-color: windowtext;border-right-width: 1px;padding: 0 7px"><p><span>*</span><span style="font-family:宋体">《前景与范围》</span></p></td><td width="95" valign="top" style="width: 95px;border-top-style: none;border-left-style: none;border-bottom-color: windowtext;border-bottom-width: 1px;border-right-color: windowtext;border-right-width: 1px;padding: 0 7px"><p style="text-align:center"><span>Oct &nbsp;18</span></p></td></tr><tr><td width="57" valign="top" style="width: 57px;border-top-style: none;border-left-style: none;border-bottom-color: windowtext;border-bottom-width: 1px;border-right-color: windowtext;border-right-width: 1px;padding: 0 7px"><p style="text-align:center"><span>6</span></p></td><td width="180" valign="top" style="width: 180px;border-top-style: none;border-left-style: none;border-bottom-color: windowtext;border-bottom-width: 1px;border-right-color: windowtext;border-right-width: 1px;padding: 0 7px"><p style="text-align:right"><span>UML foundation 1</span></p></td><td width="62" valign="top" style="width: 62px;border-top-style: none;border-left-style: none;border-bottom-color: windowtext;border-bottom-width: 1px;border-right-color: windowtext;border-right-width: 1px;padding: 0 7px"><p style="text-align:center"><span>&nbsp;</span></p></td><td width="175" valign="top" style="width: 175px;border-top-style: none;border-left-style: none;border-bottom-color: windowtext;border-bottom-width: 1px;border-right-color: windowtext;border-right-width: 1px;padding: 0 7px"><p><span style="font-family:宋体">《质量保证计划》</span></p></td><td width="95" valign="top" style="width: 95px;border-top-style: none;border-left-style: none;border-bottom-color: windowtext;border-bottom-width: 1px;border-right-color: windowtext;border-right-width: 1px;padding: 0 7px"><p style="text-align:center"><span>Oct &nbsp;25</span></p></td></tr><tr><td width="57" valign="top" style="width: 57px;border-top-style: none;border-left-style: none;border-bottom-color: windowtext;border-bottom-width: 1px;border-right-color: windowtext;border-right-width: 1px;padding: 0 7px"><p style="text-align:center"><span>7</span></p></td><td width="180" valign="top" style="width: 180px;border-top-style: none;border-left-style: none;border-bottom-color: windowtext;border-bottom-width: 1px;border-right-color: windowtext;border-right-width: 1px;padding: 0 7px"><p style="text-align:right"><span>UML foundation 2</span></p></td><td width="62" valign="top" style="width: 62px;border-top-style: none;border-left-style: none;border-bottom-color: windowtext;border-bottom-width: 1px;border-right-color: windowtext;border-right-width: 1px;padding: 0 7px"><p style="text-align:center"><span>&nbsp;</span></p></td><td width="175" valign="top" style="width: 175px;border-top-style: none;border-left-style: none;border-bottom-color: windowtext;border-bottom-width: 1px;border-right-color: windowtext;border-right-width: 1px;padding: 0 7px"><p><span style="font-family:宋体;color:red">《需求工程计划》</span></p></td><td width="95" valign="top" style="width: 95px;border-top-style: none;border-left-style: none;border-bottom-color: windowtext;border-bottom-width: 1px;border-right-color: windowtext;border-right-width: 1px;padding: 0 7px"><p style="text-align:center"><span>Nov &nbsp;1</span></p></td></tr><tr><td width="57" valign="top" style="width: 57px;border-top-style: none;border-left-style: none;border-bottom-color: windowtext;border-bottom-width: 1px;border-right-color: windowtext;border-right-width: 1px;padding: 0 7px"><p style="text-align:center"><span>8</span></p></td><td width="180" valign="top" style="width: 180px;border-top-style: none;border-left-style: none;border-bottom-color: windowtext;border-bottom-width: 1px;border-right-color: windowtext;border-right-width: 1px;padding: 0 7px"><p><span>SRS acquisition</span></p></td><td width="62" valign="top" style="width: 62px;border-top-style: none;border-left-style: none;border-bottom-color: windowtext;border-bottom-width: 1px;border-right-color: windowtext;border-right-width: 1px;padding: 0 7px"><p style="text-align:center"><span>6,7</span></p></td><td width="175" valign="top" style="width: 175px;border-top-style: none;border-left-style: none;border-bottom-color: windowtext;border-bottom-width: 1px;border-right-color: windowtext;border-right-width: 1px;padding: 0 7px"><p><span>&nbsp;</span></p></td><td width="95" valign="top" style="width: 95px;border-top-style: none;border-left-style: none;border-bottom-color: windowtext;border-bottom-width: 1px;border-right-color: windowtext;border-right-width: 1px;padding: 0 7px"><p style="text-align:center"><span>&nbsp;</span></p></td></tr><tr><td width="57" valign="top" style="width: 57px;border-top-style: none;border-left-style: none;border-bottom-color: windowtext;border-bottom-width: 1px;border-right-color: windowtext;border-right-width: 1px;padding: 0 7px"><p style="text-align:center"><span style="font-family:宋体">考试周</span></p></td><td width="180" valign="top" style="width: 180px;border-top-style: none;border-left-style: none;border-bottom-color: windowtext;border-bottom-width: 1px;border-right-color: windowtext;border-right-width: 1px;padding: 0 7px"><p><span>&nbsp;</span></p></td><td width="62" valign="top" style="width: 62px;border-top-style: none;border-left-style: none;border-bottom-color: windowtext;border-bottom-width: 1px;border-right-color: windowtext;border-right-width: 1px;padding: 0 7px"><p style="text-align:center"><span>&nbsp;</span></p></td><td width="175" valign="top" style="width: 175px;border-top-style: none;border-left-style: none;border-bottom-color: windowtext;border-bottom-width: 1px;border-right-color: windowtext;border-right-width: 1px;padding: 0 7px"><p><span>* </span><span style="font-family:宋体">第</span><span>3</span><span style="font-family:宋体">至</span><span>8</span><span style="font-family:宋体">周小组例会纪要</span></p></td><td width="95" valign="top" style="width: 95px;border-top-style: none;border-left-style: none;border-bottom-color: windowtext;border-bottom-width: 1px;border-right-color: windowtext;border-right-width: 1px;padding: 0 7px"><p style="text-align:center"><span>Nov &nbsp;14</span></p></td></tr><tr><td width="47" rowspan="9" valign="top" style="width: 47px;border-right-color: windowtext;border-bottom-color: windowtext;border-left-color: windowtext;border-right-width: 1px;border-bottom-width: 1px;border-left-width: 1px;border-top-style: none;padding: 0 7px"><p style="text-align:center"><span style="font-family:宋体">冬</span></p><p style="text-align:center"><span style="font-family:宋体">学</span></p><p style="text-align:center"><span style="font-family:宋体">期</span></p></td><td width="57" valign="top" style="width: 57px;border-top-style: none;border-left-style: none;border-bottom-color: windowtext;border-bottom-width: 1px;border-right-color: windowtext;border-right-width: 1px;padding: 0 7px"><p style="text-align:center"><span>1</span></p></td><td width="180" valign="top" style="width: 180px;border-top-style: none;border-left-style: none;border-bottom-color: windowtext;border-bottom-width: 1px;border-right-color: windowtext;border-right-width: 1px;padding: 0 7px"><p><span>SRS analysis</span></p></td><td width="62" valign="top" style="width: 62px;border-top-style: none;border-left-style: none;border-bottom-color: windowtext;border-bottom-width: 1px;border-right-color: windowtext;border-right-width: 1px;padding: 0 7px"><p style="text-align:center"><span>8,9,14</span></p></td><td width="175" valign="top" style="width: 175px;border-top-style: none;border-left-style: none;border-bottom-color: windowtext;border-bottom-width: 1px;border-right-color: windowtext;border-right-width: 1px;padding: 0 7px"><p><span>&nbsp;</span></p></td><td width="95" valign="top" style="width: 95px;border-top-style: none;border-left-style: none;border-bottom-color: windowtext;border-bottom-width: 1px;border-right-color: windowtext;border-right-width: 1px;padding: 0 7px"><p style="text-align:center"><span>&nbsp;</span></p></td></tr><tr><td width="57" valign="top" style="width: 57px;border-top-style: none;border-left-style: none;border-bottom-color: windowtext;border-bottom-width: 1px;border-right-color: windowtext;border-right-width: 1px;padding: 0 7px"><p style="text-align:center"><span>2</span></p></td><td width="180" valign="top" style="width: 180px;border-top-style: none;border-left-style: none;border-bottom-color: windowtext;border-bottom-width: 1px;border-right-color: windowtext;border-right-width: 1px;padding: 0 7px"><p><span>SRS specification &amp; &nbsp;definition</span></p></td><td width="62" valign="top" style="width: 62px;border-top-style: none;border-left-style: none;border-bottom-color: windowtext;border-bottom-width: 1px;border-right-color: windowtext;border-right-width: 1px;padding: 0 7px"><p style="text-align:center"><span>10,11,(12)</span></p></td><td width="175" valign="top" style="width: 175px;border-top-style: none;border-left-style: none;border-bottom-color: windowtext;border-bottom-width: 1px;border-right-color: windowtext;border-right-width: 1px;padding: 0 7px"><p><span>&nbsp;</span></p></td><td width="95" valign="top" style="width: 95px;border-top-style: none;border-left-style: none;border-bottom-color: windowtext;border-bottom-width: 1px;border-right-color: windowtext;border-right-width: 1px;padding: 0 7px"><p style="text-align:center"><span>&nbsp;</span></p></td></tr><tr><td width="57" valign="top" style="width: 57px;border-top-style: none;border-left-style: none;border-bottom-color: windowtext;border-bottom-width: 1px;border-right-color: windowtext;border-right-width: 1px;padding: 0 7px"><p style="text-align:center"><span>3</span></p></td><td width="180" valign="top" style="width: 180px;border-top-style: none;border-left-style: none;border-bottom-color: windowtext;border-bottom-width: 1px;border-right-color: windowtext;border-right-width: 1px;padding: 0 7px"><p><span>SRS verification &amp; &nbsp;validation</span></p></td><td width="62" valign="top" style="width: 62px;border-top-style: none;border-left-style: none;border-bottom-color: windowtext;border-bottom-width: 1px;border-right-color: windowtext;border-right-width: 1px;padding: 0 7px"><p style="text-align:center"><span>15,(16,17)</span></p></td><td width="175" valign="top" style="width: 175px;border-top-style: none;border-left-style: none;border-bottom-color: windowtext;border-bottom-width: 1px;border-right-color: windowtext;border-right-width: 1px;padding: 0 7px"><p><span style="font-family:宋体;color:red">《软件需求规格说明书》</span></p></td><td width="95" valign="top" style="width: 95px;border-top-style: none;border-left-style: none;border-bottom-color: windowtext;border-bottom-width: 1px;border-right-color: windowtext;border-right-width: 1px;padding: 0 7px"><p style="text-align:center"><span>Dec &nbsp;6</span></p></td></tr><tr><td width="57" valign="top" style="width: 57px;border-top-style: none;border-left-style: none;border-bottom-color: windowtext;border-bottom-width: 1px;border-right-color: windowtext;border-right-width: 1px;padding: 0 7px"><p style="text-align:center"><span>4</span></p></td><td width="180" valign="top" style="width: 180px;border-top-style: none;border-left-style: none;border-bottom-color: windowtext;border-bottom-width: 1px;border-right-color: windowtext;border-right-width: 1px;padding: 0 7px"><p style="text-align:right"><span>UML foundation 3</span></p></td><td width="62" valign="top" style="width: 62px;border-top-style: none;border-left-style: none;border-bottom-color: windowtext;border-bottom-width: 1px;border-right-color: windowtext;border-right-width: 1px;padding: 0 7px"><p style="text-align:center"><span>&nbsp;</span></p></td><td width="175" valign="top" style="width: 175px;border-top-style: none;border-left-style: none;border-bottom-color: windowtext;border-bottom-width: 1px;border-right-color: windowtext;border-right-width: 1px;padding: 0 7px"><p><span style="color:blue">*</span><span style="font-family:宋体;color:blue">《系统设计计划》</span></p><p><span>*</span><span style="font-family:宋体">《需求变更控制会规程》</span></p></td><td width="95" valign="top" style="width: 95px;border-top-style: none;border-left-style: none;border-bottom-color: windowtext;border-bottom-width: 1px;border-right-color: windowtext;border-right-width: 1px;padding: 0 7px"><p style="text-align:center"><span>Dec &nbsp;13</span></p></td></tr><tr><td width="57" valign="top" style="width: 57px;border-top-style: none;border-left-style: none;border-bottom-color: windowtext;border-bottom-width: 1px;border-right-color: windowtext;border-right-width: 1px;padding: 0 7px"><p style="text-align:center"><span>5</span></p></td><td width="180" valign="top" style="width: 180px;border-top-style: none;border-left-style: none;border-bottom-color: windowtext;border-bottom-width: 1px;border-right-color: windowtext;border-right-width: 1px;padding: 0 7px"><p style="text-align:right"><span>UML foundation 4</span></p></td><td width="62" valign="top" style="width: 62px;border-top-style: none;border-left-style: none;border-bottom-color: windowtext;border-bottom-width: 1px;border-right-color: windowtext;border-right-width: 1px;padding: 0 7px"><p style="text-align:center"><span>&nbsp;</span></p></td><td width="175" valign="top" style="width: 175px;border-top-style: none;border-left-style: none;border-bottom-color: windowtext;border-bottom-width: 1px;border-right-color: windowtext;border-right-width: 1px;padding: 0 7px"><p><span style="color:blue">*</span><span style="font-family:宋体;color:blue">《系统编码与实现计划》</span></p><p><span style="color:blue">*</span><span style="font-family:宋体;color:blue">《测试计划》</span></p></td><td width="95" valign="top" style="width: 95px;border-top-style: none;border-left-style: none;border-bottom-color: windowtext;border-bottom-width: 1px;border-right-color: windowtext;border-right-width: 1px;padding: 0 7px"><p style="text-align:center"><span>Dec &nbsp;20</span></p></td></tr><tr><td width="57" valign="top" style="width: 57px;border-top-style: none;border-left-style: none;border-bottom-color: windowtext;border-bottom-width: 1px;border-right-color: windowtext;border-right-width: 1px;padding: 0 7px"><p style="text-align:center"><span>6</span></p></td><td width="180" valign="top" style="width: 180px;border-top-style: none;border-left-style: none;border-bottom-color: windowtext;border-bottom-width: 1px;border-right-color: windowtext;border-right-width: 1px;padding: 0 7px"><p><span>SRS management</span></p></td><td width="62" valign="top" style="width: 62px;border-top-style: none;border-left-style: none;border-bottom-color: windowtext;border-bottom-width: 1px;border-right-color: windowtext;border-right-width: 1px;padding: 0 7px"><p style="text-align:center"><span>18,19,20,21</span></p></td><td width="175" valign="top" style="width: 175px;border-top-style: none;border-left-style: none;border-bottom-color: windowtext;border-bottom-width: 1px;border-right-color: windowtext;border-right-width: 1px;padding: 0 7px"><p><span style="font-family:宋体;color:red">《需求变更控制文档》</span></p><p><span style="color:blue">*</span><span style="font-family:宋体;color:blue">《用户手册》</span></p></td><td width="95" valign="top" style="width: 95px;border-top-style: none;border-left-style: none;border-bottom-color: windowtext;border-bottom-width: 1px;border-right-color: windowtext;border-right-width: 1px;padding: 0 7px"><p style="text-align:center"><span>Dec &nbsp;27</span></p></td></tr><tr><td width="57" valign="top" style="width: 57px;border-top-style: none;border-left-style: none;border-bottom-color: windowtext;border-bottom-width: 1px;border-right-color: windowtext;border-right-width: 1px;padding: 0 7px"><p style="text-align:center"><span>7</span></p></td><td width="180" valign="top" style="width: 180px;border-top-style: none;border-left-style: none;border-bottom-color: windowtext;border-bottom-width: 1px;border-right-color: windowtext;border-right-width: 1px;padding: 0 7px"><p style="text-align:right"><span>UML &amp; design pattern</span></p></td><td width="62" valign="top" style="width: 62px;border-top-style: none;border-left-style: none;border-bottom-color: windowtext;border-bottom-width: 1px;border-right-color: windowtext;border-right-width: 1px;padding: 0 7px"><p style="text-align:center"><span style="color:red">&nbsp;</span></p></td><td width="175" valign="top" style="width: 175px;border-top-style: none;border-left-style: none;border-bottom-color: windowtext;border-bottom-width: 1px;border-right-color: windowtext;border-right-width: 1px;padding: 0 7px"><p><span style="font-family:宋体;color:red">《软件概要设计说明》</span></p><p><span style="color:blue">*</span><span style="font-family:宋体;color:blue">《工程部署计划》</span></p><p><span style="color:blue">*</span><span style="font-family:宋体;color:blue">《培训计划》</span></p><p><span style="color:blue">*</span><span style="font-family:宋体;color:blue">《系统维护计划》</span></p><p><span style="font-family:宋体">《项目总结报告》</span></p></td><td width="95" valign="top" style="width: 95px;border-top-style: none;border-left-style: none;border-bottom-color: windowtext;border-bottom-width: 1px;border-right-color: windowtext;border-right-width: 1px;padding: 0 7px"><p style="text-align:center"><span>Jan &nbsp;3</span></p></td></tr><tr><td width="57" valign="top" style="width: 57px;border-top-style: none;border-left-style: none;border-bottom-color: windowtext;border-bottom-width: 1px;border-right-color: windowtext;border-right-width: 1px;padding: 0 7px"><p style="text-align:center"><span>8</span></p></td><td width="180" valign="top" style="width: 180px;border-top-style: none;border-left-style: none;border-bottom-color: windowtext;border-bottom-width: 1px;border-right-color: windowtext;border-right-width: 1px;padding: 0 7px"><p><span style="font-family:宋体">答辩与评价；经验交流</span></p></td><td width="62" valign="top" style="width: 62px;border-top-style: none;border-left-style: none;border-bottom-color: windowtext;border-bottom-width: 1px;border-right-color: windowtext;border-right-width: 1px;padding: 0 7px"><p style="text-align:center"><span>&nbsp;</span></p></td><td width="175" valign="top" style="width: 175px;border-top-style: none;border-left-style: none;border-bottom-color: windowtext;border-bottom-width: 1px;border-right-color: windowtext;border-right-width: 1px;padding: 0 7px"><p><span>* </span><span style="font-family:宋体">全部小组例会纪要</span></p></td><td width="95" valign="top" style="width: 95px;border-top-style: none;border-left-style: none;border-bottom-color: windowtext;border-bottom-width: 1px;border-right-color: windowtext;border-right-width: 1px;padding: 0 7px"><p style="text-align:center"><span>Jan &nbsp;10</span></p></td></tr><tr><td width="57" valign="top" style="width: 57px;border-top-style: none;border-left-style: none;border-bottom-color: windowtext;border-bottom-width: 1px;border-right-color: windowtext;border-right-width: 1px;padding: 0 7px"><p style="text-align:center"><span style="font-family:宋体">考试周</span></p></td><td width="180" valign="top" style="width: 180px;border-top-style: none;border-left-style: none;border-bottom-color: windowtext;border-bottom-width: 1px;border-right-color: windowtext;border-right-width: 1px;padding: 0 7px"><p><span>&nbsp;</span></p></td><td width="62" valign="top" style="width: 62px;border-top-style: none;border-left-style: none;border-bottom-color: windowtext;border-bottom-width: 1px;border-right-color: windowtext;border-right-width: 1px;padding: 0 7px"><p style="text-align:center"><span>&nbsp;</span></p></td><td width="175" valign="top" style="width: 175px;border-top-style: none;border-left-style: none;border-bottom-color: windowtext;border-bottom-width: 1px;border-right-color: windowtext;border-right-width: 1px;padding: 0 7px"><p><span>&nbsp;</span></p></td><td width="95" valign="top" style="width: 95px;border-top-style: none;border-left-style: none;border-bottom-color: windowtext;border-bottom-width: 1px;border-right-color: windowtext;border-right-width: 1px;padding: 0 7px"><p style="text-align:center"><span>&nbsp;</span></p></td></tr></tbody></table><p><span>&nbsp;</span></p><p><span style="font-family:宋体">说明：</span></p><p style="margin-left:28px"><span>1.<span style="font-size: 9px;line-height: normal;font-family: &#39;Times New Roman&#39;">&nbsp;&nbsp;&nbsp;&nbsp;&nbsp;&nbsp;&nbsp;&nbsp;</span></span><span style="font-family:宋体">秋学期第</span><span>3</span><span style="font-family:宋体">周至冬学期第</span><span>3</span><span style="font-family:宋体">周大致为需求开发阶段；冬学期第</span><span>4</span><span style="font-family:宋体">至</span><span>7</span><span style="font-family:宋体">周大致为需求维护管理阶段。</span></p><p style="margin-left:28px"><span>2.<span style="font-size: 9px;line-height: normal;font-family: &#39;Times New Roman&#39;">&nbsp;&nbsp;&nbsp;&nbsp;&nbsp;&nbsp;&nbsp;&nbsp;</span></span><span style="font-family:宋体">上表体现了课程教学小组对本课程的安排。每个小组应按照自身对项目的理解，自行独立制定项目计划。上表中的“项目任务（及里程碑）”及“截止日期”两列，仅作为各小组制定工作计划的时间框架参考，不代表最佳安排或者合理安排。</span></p><p style="margin-left:56px"><span style="font-family:Wingdings">l<span style="font-size: 9px;line-height: normal;font-family: &#39;Times New Roman&#39;">&nbsp; </span></span><span style="font-family:宋体">红色表示的文档（及其截止日期）应该在各项目小组的计划中，且具体安排完成时间不得迟于上表给出的指导性时间。若推迟提交，则每推迟一周扣该文档满分的</span><span>10% </span><span style="font-family:宋体">——</span><span style="font-family:宋体">“可提早，不可推迟”。</span></p><p style="margin-left:56px"><span style="font-family:Wingdings">l<span style="font-size: 9px;line-height: normal;font-family: &#39;Times New Roman&#39;">&nbsp; </span></span><span style="font-family:宋体">不带星号（</span><span>*</span><span style="font-family:宋体">）的文档必须完成并提交，带星号（</span><span>*</span><span style="font-family:宋体">）的表示选做。</span></p><p style="margin-left:28px"><span>3.<span style="font-size: 9px;line-height: normal;font-family: &#39;Times New Roman&#39;">&nbsp;&nbsp;&nbsp;&nbsp;&nbsp;&nbsp;&nbsp;&nbsp;</span></span><span style="font-family:宋体">各小组每周（至少）一次例会，有正式的例会纪要，简述刚过去的一周的进展和下一两周的计划。</span></p><p><br/></p>', '<p><span style="font-family:宋体">《软件需求》第</span><span>2</span><span style="font-family:宋体">版，</span><span>[</span><span style="font-family:宋体">美</span><span>] Karl E. Wiegers </span><span style="font-family:宋体">著，刘伟琴、刘洪涛</span><span style="font-family:宋体">译，</span><span>2004</span><span style="font-family:宋体">年</span><span>11</span><span style="font-family:宋体">月第</span><span>1</span><span style="font-family:宋体">版，清华大学出版社。</span></p><p><span style="font-family:宋体">《软件需求》，</span><span>[</span><span style="font-family:宋体">美</span><span>] Karl E. Wiegers </span><span style="font-family:宋体">著，陆丽娜、王忠民、王志敏</span><span style="font-family:宋体">译，</span><span>2002</span><span style="font-family:宋体">年</span><span>7</span><span style="font-family:宋体">月第</span><span>1</span><span style="font-family:宋体">版，机械工业出版社。</span></p><p><span style="font-family:宋体">《统一软件开发过程》，</span><span>[</span><span style="font-family:宋体">美</span><span>] Ivar Jacobson, Grady Booch, James Rambaugh </span><span style="font-family:宋体">著，周伯生、冯学民、樊东平</span> <span style="font-family:宋体">译，</span><span>2002</span><span style="font-family:宋体">年</span><span>1</span><span style="font-family:宋体">月第</span><span>1</span><span style="font-family:宋体">版，机械工业出版社。</span></p><p><span style="font-family:宋体">《软件需求管理</span><span>-</span><span style="font-family:宋体">统一方法》，</span><span>[</span><span style="font-family:宋体">美</span><span>] Dean Leffingwell Don Widrig </span><span style="font-family:宋体">著，蒋慧、林东</span> <span style="font-family:宋体">译，</span><span>2003</span><span style="font-family:宋体">年第</span><span>1</span><span style="font-family:宋体">版，机械工业出版社。</span></p><p><span style="font-family:宋体">《面向对象技术</span><span>UML</span><span style="font-family:宋体">教程》，王少锋</span><span style="font-family:宋体">编著，清华大学出版社。</span></p><p><span style="font-family:宋体">《面向对象设计</span><span>UML</span><span style="font-family:宋体">实践》，</span><span>Mark Priestley</span><span style="font-family:宋体">著，龚晓庆、卞雷等译，王少锋审，清华大学出版社。</span></p><p><span style="font-family:宋体">《</span><span>Practical Object-oriented Design with UML</span><span style="font-family:宋体">》</span><span> 2th Edition</span><span style="font-family:宋体">，</span><span>Markpriestley</span><span style="font-family:宋体">，清华大学出版社。</span></p><p><span style="font-family:宋体">《</span><span>UML</span><span style="font-family:宋体">用户指南》第</span><span>2</span><span style="font-family:宋体">版，</span><span>Grady Booch </span><span style="font-family:宋体">等著，邵维忠、麻志毅、马浩海、刘辉</span><span style="font-family:宋体">译，人民邮电出版社。</span></p><p><span style="font-family:宋体">《</span><span>UML</span><span style="font-family:宋体">与</span><span>Rational Rose2002</span><span style="font-family:宋体">从入门到精通》，</span><span>Wendy Boggs</span><span style="font-family:宋体">等著，邱促潘等译，电子工业出版社。</span></p><p><br/></p>');
INSERT INTO `outline` (`course`, `target`, `requirement`, `arrangement`, `recommendation`) VALUES
(2, '<p><span style="font-family: 宋体; background-color: rgb(255, 255, 255);">（一）学习目标</span></p><p><span style="background-color: rgb(255, 255, 255);"><span style="font-family:宋体">使学生系统地掌握需求开发和管理的技术和方法，掌握需求分析和建模的技术和方法，掌握需求规格的验证和评审等要点和方法，掌握应用</span><span>UML</span><span style="font-family:宋体">进行软件分析与设计的技术和方法。</span></span></p><p><span style="font-family: 宋体; background-color: rgb(255, 255, 255);">（二）可测量结果</span></p><p><span style="font-family: 宋体; background-color: rgb(255, 255, 255);">结合具体的实际项目开发，解决软件项目开发中的有关需求的各种问题，能够适应目前各种应用项目的系统的需求开发和管理工作。</span></p>', '<p><span style="font-family:宋体">（一）授课方式与要求</span></p><p><span style="font-family:宋体">课堂授课</span><span>16</span><span style="font-family:宋体">次</span><span>,</span><span style="font-family:宋体">每次</span><span>3</span><span style="font-family:宋体">个学时</span><span>,</span><span style="font-family:宋体">具体内容如下</span><span>:</span></p><table border="1" cellspacing="0" cellpadding="0" style="border: none"><tbody><tr><td width="198" valign="top" style="width: 198px;border-color: windowtext;border-width: 1px;padding: 0 7px"><p><span style="font-family:宋体">知识模块</span><span>&nbsp;&nbsp;&nbsp;&nbsp;&nbsp;&nbsp;&nbsp;&nbsp; </span></p></td><td width="284" valign="top" style="width: 284px;border-top-color: windowtext;border-right-color: windowtext;border-bottom-color: windowtext;border-top-width: 1px;border-right-width: 1px;border-bottom-width: 1px;border-left-style: none;padding: 0 7px"><p><span style="font-family:宋体">内容</span></p></td><td width="71" valign="top" style="width: 71px;border-top-color: windowtext;border-right-color: windowtext;border-bottom-color: windowtext;border-top-width: 1px;border-right-width: 1px;border-bottom-width: 1px;border-left-style: none;padding: 0 7px"><p><span style="font-family:宋体">学时（课堂讲授）</span></p></td></tr><tr><td width="198" valign="top" style="width: 198px;border-right-color: windowtext;border-bottom-color: windowtext;border-left-color: windowtext;border-right-width: 1px;border-bottom-width: 1px;border-left-width: 1px;border-top-style: none;padding: 0 7px"><p><span style="font-family:宋体">软件需求分析与软件设计概述</span></p></td><td width="284" valign="top" style="width: 284px;border-top-style: none;border-left-style: none;border-bottom-color: windowtext;border-bottom-width: 1px;border-right-color: windowtext;border-right-width: 1px;padding: 0 7px"><p><span style="font-family:宋体">需求工程发展过程</span></p><p><span style="font-family:宋体">软件需求分析基本概念</span></p><p><span style="font-family:宋体">需求工程的主要过程和方法</span></p><p><span style="font-family:宋体">软件设计基本概念</span></p><p><span style="font-family:宋体">软件设计的主要过程和方法</span></p><p><span style="font-family:宋体">相关知识体系介绍</span></p></td><td width="71" valign="top" style="width: 71px;border-top-style: none;border-left-style: none;border-bottom-color: windowtext;border-bottom-width: 1px;border-right-color: windowtext;border-right-width: 1px;padding: 0 7px"><p><span>6</span></p></td></tr><tr><td width="198" valign="top" style="width: 198px;border-right-color: windowtext;border-bottom-color: windowtext;border-left-color: windowtext;border-right-width: 1px;border-bottom-width: 1px;border-left-width: 1px;border-top-style: none;padding: 0 7px"><p><span style="font-family:宋体">软件需求获取与分析</span></p></td><td width="284" valign="top" style="width: 284px;border-top-style: none;border-left-style: none;border-bottom-color: windowtext;border-bottom-width: 1px;border-right-color: windowtext;border-right-width: 1px;padding: 0 7px"><p><span style="font-family:宋体">需求获取的指导方针</span></p><p><span style="font-family:宋体">需求获取的主要方法与技术</span></p><p><span style="font-family:宋体">需求分析的目的</span></p><p><span style="font-family:宋体">需求分析的主要方法</span></p></td><td width="71" valign="top" style="width: 71px;border-top-style: none;border-left-style: none;border-bottom-color: windowtext;border-bottom-width: 1px;border-right-color: windowtext;border-right-width: 1px;padding: 0 7px"><p><span>12</span></p></td></tr><tr><td width="198" valign="top" style="width: 198px;border-right-color: windowtext;border-bottom-color: windowtext;border-left-color: windowtext;border-right-width: 1px;border-bottom-width: 1px;border-left-width: 1px;border-top-style: none;padding: 0 7px"><p><span style="font-family:宋体">软件需求规范与管理</span></p></td><td width="284" valign="top" style="width: 284px;border-top-style: none;border-left-style: none;border-bottom-color: windowtext;border-bottom-width: 1px;border-right-color: windowtext;border-right-width: 1px;padding: 0 7px"><p><span style="font-family:宋体">需求规格说明的目的</span></p><p><span style="font-family:宋体">需求规格说明的主要方法</span></p><p><span style="font-family:宋体">需求验证与审核的主要方法</span></p><p><span style="font-family:宋体">需求管理的目的</span></p><p><span style="font-family:宋体">需求管理的主要方法与步骤</span></p></td><td width="71" valign="top" style="width: 71px;border-top-style: none;border-left-style: none;border-bottom-color: windowtext;border-bottom-width: 1px;border-right-color: windowtext;border-right-width: 1px;padding: 0 7px"><p><span>12</span></p></td></tr><tr><td width="198" valign="top" style="width: 198px;border-right-color: windowtext;border-bottom-color: windowtext;border-left-color: windowtext;border-right-width: 1px;border-bottom-width: 1px;border-left-width: 1px;border-top-style: none;padding: 0 7px"><p><span style="font-family:宋体">软件设计基础</span></p></td><td width="284" valign="top" style="width: 284px;border-top-style: none;border-left-style: none;border-bottom-color: windowtext;border-bottom-width: 1px;border-right-color: windowtext;border-right-width: 1px;padding: 0 7px"><p><span>UML</span><span style="font-family:宋体">分析设计方法介绍</span></p><p><span>UML</span><span style="font-family:宋体">各种建模工具（图）的作用及使用</span></p><p><span style="font-family:宋体">软件图形化建模工具介绍</span></p></td><td width="71" valign="top" style="width: 71px;border-top-style: none;border-left-style: none;border-bottom-color: windowtext;border-bottom-width: 1px;border-right-color: windowtext;border-right-width: 1px;padding: 0 7px"><p><span>12</span></p></td></tr><tr style=";height:212px"><td width="198" valign="top" style="width: 198px;border-right-color: windowtext;border-bottom-color: windowtext;border-left-color: windowtext;border-right-width: 1px;border-bottom-width: 1px;border-left-width: 1px;border-top-style: none;padding: 0 7px;height: 212px"><p><span style="font-family:宋体">软件需求分析与设计实践</span></p></td><td width="284" valign="top" style="width: 284px;border-top-style: none;border-left-style: none;border-bottom-color: windowtext;border-bottom-width: 1px;border-right-color: windowtext;border-right-width: 1px;padding: 0 7px;height: 212px"><p><span style="font-family:宋体">根据课程作业要求编写《需求分析与设计项目计划》</span> &nbsp;<span style="font-family:宋体">实践需求工程的各个过程：需求识别、需求分析与设计</span></p><p><span>OOA</span><span style="font-family:宋体">方法，</span><span>UML</span><span style="font-family:宋体">描述</span></p><p><span style="font-family:宋体">需求定义：软件需求说明文档、需求管理：变更的控制与跟踪记录报告</span></p><p><span style="font-family:宋体">采用</span><span>UML</span><span style="font-family:宋体">方法，完成基本的软件概要设计说明书</span></p><p><span style="font-family:宋体">提出改进措施：技术方法的改进，软件需求分析及设计过程的改进建议</span></p></td><td width="71" valign="top" style="width: 71px;border-top-style: none;border-left-style: none;border-bottom-color: windowtext;border-bottom-width: 1px;border-right-color: windowtext;border-right-width: 1px;padding: 0 7px;height: 212px"><p><span>6</span></p></td></tr></tbody></table><p><span>&nbsp;</span></p><p><span style="font-family:宋体">（二）</span><span>&nbsp;&nbsp;&nbsp;&nbsp; </span><span style="font-family:宋体">考试评分与建议</span></p><p><span style="font-family:宋体">以大型课程作业的方式，采用项目管理的方法，对具体课程作业内容项目：对“软件工程教学辅助系统”项目的需求进行分析与设计。</span></p><p><span style="font-family:宋体">课程作业要求：</span></p><p class="MsoListParagraph" style="margin-left:28px"><span>1.<span style="font-size: 9px;line-height: normal;font-family: &#39;Times New Roman&#39;">&nbsp;&nbsp;&nbsp;&nbsp;&nbsp;&nbsp;&nbsp;&nbsp;</span></span><span style="font-family:宋体">每</span><span>5-8</span><span style="font-family:宋体">人组成一个项目小组，在项目经理（组长）的领导下，团结协作共同完成课程作业。</span></p><p class="MsoListParagraph" style="margin-left:28px"><span>2.<span style="font-size: 9px;line-height: normal;font-family: &#39;Times New Roman&#39;">&nbsp;&nbsp;&nbsp;&nbsp;&nbsp;&nbsp;&nbsp;&nbsp;</span></span><span style="font-family:宋体">提供的《需求分析与设计项目计划》</span></p><p class="MsoListParagraph" style="margin-left:28px"><span>3.<span style="font-size: 9px;line-height: normal;font-family: &#39;Times New Roman&#39;">&nbsp;&nbsp;&nbsp;&nbsp;&nbsp;&nbsp;&nbsp;&nbsp;</span></span><span style="font-family:宋体">实践需求工程的各个过程，主要包括：</span></p><p class="MsoListParagraph" style="margin-left:56px"><span>a.<span style="font-size: 9px;line-height: normal;font-family: &#39;Times New Roman&#39;">&nbsp;&nbsp;&nbsp;&nbsp;&nbsp;&nbsp;&nbsp;&nbsp;</span></span><span style="font-family:宋体">需求识别：教师、学生、技术专家等需求</span></p><p class="MsoListParagraph" style="margin-left:56px"><span>b.<span style="font-size: 9px;line-height: normal;font-family: &#39;Times New Roman&#39;">&nbsp;&nbsp;&nbsp;&nbsp;&nbsp;&nbsp;&nbsp;&nbsp;</span></span><span style="font-family:宋体">重点完成需求分析与设计：</span><span>OOA</span><span style="font-family:宋体">方法，</span><span>UML</span><span style="font-family:宋体">描述</span></p><p class="MsoListParagraph" style="margin-left:56px"><span>c.<span style="font-size: 9px;line-height: normal;font-family: &#39;Times New Roman&#39;">&nbsp;&nbsp;&nbsp;&nbsp;&nbsp;&nbsp;&nbsp;&nbsp;</span></span><span style="font-family:宋体">需求定义：软件需求说明文档</span></p><p class="MsoListParagraph" style="margin-left:56px"><span>d.<span style="font-size: 9px;line-height: normal;font-family: &#39;Times New Roman&#39;">&nbsp;&nbsp;&nbsp;&nbsp;&nbsp;&nbsp;&nbsp;&nbsp;</span></span><span style="font-family:宋体">需求的确认：需求评审会议及报告，需求基准</span><span>SRS</span></p><p class="MsoListParagraph" style="margin-left:56px"><span>e.<span style="font-size: 9px;line-height: normal;font-family: &#39;Times New Roman&#39;">&nbsp;&nbsp;&nbsp;&nbsp;&nbsp;&nbsp;&nbsp;&nbsp;</span></span><span style="font-family:宋体">需求管理：变更的控制与跟踪记录报告</span></p><p class="MsoListParagraph" style="margin-left:28px"><span>4.<span style="font-size: 9px;line-height: normal;font-family: &#39;Times New Roman&#39;">&nbsp;&nbsp;&nbsp;&nbsp;&nbsp;&nbsp;&nbsp;&nbsp;</span></span><span style="font-family:宋体">采用</span><span>UML</span><span style="font-family:宋体">方法，完成基本的软件概要设计说明书</span></p><p class="MsoListParagraph" style="margin-left:28px"><span>5.<span style="font-size: 9px;line-height: normal;font-family: &#39;Times New Roman&#39;">&nbsp;&nbsp;&nbsp;&nbsp;&nbsp;&nbsp;&nbsp;&nbsp;</span></span><span style="font-family:宋体">提出改进措施：</span></p><p><span>&nbsp;&nbsp;&nbsp;&nbsp;&nbsp;&nbsp;&nbsp;&nbsp; </span><span style="font-family:宋体">技术方法的改进，软件需求分析及设计过程的改进建议</span></p><p><span>&nbsp;</span></p><p><span style="font-family:宋体">考核方式</span><span>:</span></p><p><span style="font-family:宋体">按照课程作业的三个里程碑分别进行讲评，最后每组准备</span><span>10</span><span style="font-family:宋体">分钟</span><span>PPT</span><span style="font-family:宋体">进行讲解，由全部小组的组长对其进行评审、打分，去掉最高和最低分，取平均分数占总分的</span><span>80%</span><span style="font-family:宋体">，教师综合平时情况给出的分数占</span><span>20%</span><span style="font-family:宋体">。</span></p>', '<table border="1" cellspacing="0" cellpadding="0" width="615" style="border: none"><tbody><tr><td width="47" valign="top" style="width: 47px;border-color: windowtext;border-width: 1px;padding: 0 7px"><p style="text-align:center"><span style="font-family:宋体">学期</span></p></td><td width="57" valign="top" style="width: 57px;border-top-color: windowtext;border-right-color: windowtext;border-bottom-color: windowtext;border-top-width: 1px;border-right-width: 1px;border-bottom-width: 1px;border-left-style: none;padding: 0 7px"><p style="text-align:center"><span style="font-family:宋体">教学周</span></p></td><td width="180" valign="top" style="width: 180px;border-top-color: windowtext;border-right-color: windowtext;border-bottom-color: windowtext;border-top-width: 1px;border-right-width: 1px;border-bottom-width: 1px;border-left-style: none;padding: 0 7px"><p style="text-align:center"><span style="font-family:宋体">课堂教学</span></p></td><td width="62" valign="top" style="width: 62px;border-top-color: windowtext;border-right-color: windowtext;border-bottom-color: windowtext;border-top-width: 1px;border-right-width: 1px;border-bottom-width: 1px;border-left-style: none;padding: 0 7px"><p style="text-align:center"><span style="font-family:宋体">阅读</span></p></td><td width="175" valign="top" style="width: 175px;border-top-color: windowtext;border-right-color: windowtext;border-bottom-color: windowtext;border-top-width: 1px;border-right-width: 1px;border-bottom-width: 1px;border-left-style: none;padding: 0 7px"><p style="text-align:center"><span style="font-family:宋体">项目任务（及里程碑）</span></p></td><td width="95" valign="top" style="width: 95px;border-top-color: windowtext;border-right-color: windowtext;border-bottom-color: windowtext;border-top-width: 1px;border-right-width: 1px;border-bottom-width: 1px;border-left-style: none;padding: 0 7px"><p style="text-align:center"><span style="font-family:宋体">截止</span></p></td></tr><tr><td width="47" rowspan="9" valign="top" style="width: 47px;border-right-color: windowtext;border-bottom-color: windowtext;border-left-color: windowtext;border-right-width: 1px;border-bottom-width: 1px;border-left-width: 1px;border-top-style: none;padding: 0 7px"><p style="text-align:center"><span style="font-family:宋体">秋</span></p><p style="text-align:center"><span style="font-family:宋体">学</span></p><p style="text-align:center"><span style="font-family:宋体">期</span></p></td><td width="57" valign="top" style="width: 57px;border-top-style: none;border-left-style: none;border-bottom-color: windowtext;border-bottom-width: 1px;border-right-color: windowtext;border-right-width: 1px;padding: 0 7px"><p style="text-align:center"><span>1</span></p></td><td width="180" valign="top" style="width: 180px;border-top-style: none;border-left-style: none;border-bottom-color: windowtext;border-bottom-width: 1px;border-right-color: windowtext;border-right-width: 1px;padding: 0 7px"><p><span>SRE Course Brief</span></p></td><td width="62" valign="top" style="width: 62px;border-top-style: none;border-left-style: none;border-bottom-color: windowtext;border-bottom-width: 1px;border-right-color: windowtext;border-right-width: 1px;padding: 0 7px"><p style="text-align:center"><span>&nbsp;</span></p></td><td width="175" rowspan="2" valign="top" style="width: 175px;border-top-style: none;border-left-style: none;border-bottom-color: windowtext;border-bottom-width: 1px;border-right-color: windowtext;border-right-width: 1px;padding: 0 7px"><p><span style="font-family:宋体">分组，建立通讯录、角色分工、例会制度、日报制度等</span></p><p><span style="font-family:宋体">完成《人员分组表》</span></p></td><td width="95" valign="top" style="width: 95px;border-top-style: none;border-left-style: none;border-bottom-color: windowtext;border-bottom-width: 1px;border-right-color: windowtext;border-right-width: 1px;padding: 0 7px"><p style="text-align:center"><span>&nbsp;</span></p></td></tr><tr><td width="57" valign="top" style="width: 57px;border-top-style: none;border-left-style: none;border-bottom-color: windowtext;border-bottom-width: 1px;border-right-color: windowtext;border-right-width: 1px;padding: 0 7px"><p style="text-align:center"><span>2</span></p></td><td width="180" valign="top" style="width: 180px;border-top-style: none;border-left-style: none;border-bottom-color: windowtext;border-bottom-width: 1px;border-right-color: windowtext;border-right-width: 1px;padding: 0 7px"><p><span>SRE Introduction</span></p></td><td width="62" valign="top" style="width: 62px;border-top-style: none;border-left-style: none;border-bottom-color: windowtext;border-bottom-width: 1px;border-right-color: windowtext;border-right-width: 1px;padding: 0 7px"><p style="text-align:center"><span>1,2,3</span></p></td><td width="95" valign="top" style="width: 95px;border-top-style: none;border-left-style: none;border-bottom-color: windowtext;border-bottom-width: 1px;border-right-color: windowtext;border-right-width: 1px;padding: 0 7px"><p style="text-align:center"><span>&nbsp;</span></p></td></tr><tr><td width="57" valign="top" style="width: 57px;border-top-style: none;border-left-style: none;border-bottom-color: windowtext;border-bottom-width: 1px;border-right-color: windowtext;border-right-width: 1px;padding: 0 7px"><p style="text-align:center"><span>3</span></p></td><td width="180" valign="top" style="width: 180px;border-top-style: none;border-left-style: none;border-bottom-color: windowtext;border-bottom-width: 1px;border-right-color: windowtext;border-right-width: 1px;padding: 0 7px"><p><span>SRE Overview</span></p><p style="text-align:right"><span style="font-family:宋体">发布《项目描述》</span></p></td><td width="62" valign="top" style="width: 62px;border-top-style: none;border-left-style: none;border-bottom-color: windowtext;border-bottom-width: 1px;border-right-color: windowtext;border-right-width: 1px;padding: 0 7px"><p style="text-align:center"><span>4,5,(13)</span></p></td><td width="175" valign="top" style="width: 175px;border-top-style: none;border-left-style: none;border-bottom-color: windowtext;border-bottom-width: 1px;border-right-color: windowtext;border-right-width: 1px;padding: 0 7px"><p><span>&nbsp;</span></p><p><span style="font-family:宋体">《项目章程》</span></p></td><td width="95" valign="top" style="width: 95px;border-top-style: none;border-left-style: none;border-bottom-color: windowtext;border-bottom-width: 1px;border-right-color: windowtext;border-right-width: 1px;padding: 0 7px"><p style="text-align:center"><span>Sep &nbsp;29</span></p></td></tr><tr><td width="57" valign="top" style="width: 57px;border-top-style: none;border-left-style: none;border-bottom-color: windowtext;border-bottom-width: 1px;border-right-color: windowtext;border-right-width: 1px;padding: 0 7px"><p style="text-align:center"><span>4</span></p></td><td width="180" valign="top" style="width: 180px;border-top-style: none;border-left-style: none;border-bottom-color: windowtext;border-bottom-width: 1px;border-right-color: windowtext;border-right-width: 1px;padding: 0 7px"><p style="text-align:right"><span>UML summarize</span></p></td><td width="62" valign="top" style="width: 62px;border-top-style: none;border-left-style: none;border-bottom-color: windowtext;border-bottom-width: 1px;border-right-color: windowtext;border-right-width: 1px;padding: 0 7px"><p style="text-align:center"><span>&nbsp;</span></p></td><td width="175" valign="top" style="width: 175px;border-top-style: none;border-left-style: none;border-bottom-color: windowtext;border-bottom-width: 1px;border-right-color: windowtext;border-right-width: 1px;padding: 0 7px"><p><span style="font-family:宋体">《项目可行性报告》</span></p><p><span style="font-family:宋体">《项目总体计划》</span></p><p><span style="font-family:宋体;color:red">《需求工程计划</span><span style="color:red">-</span><span style="font-family:宋体;color:red">初步》</span></p></td><td width="95" valign="top" style="width: 95px;border-top-style: none;border-left-style: none;border-bottom-color: windowtext;border-bottom-width: 1px;border-right-color: windowtext;border-right-width: 1px;padding: 0 7px"><p style="text-align:center"><span>Oct &nbsp;12</span></p></td></tr><tr><td width="57" valign="top" style="width: 57px;border-top-style: none;border-left-style: none;border-bottom-color: windowtext;border-bottom-width: 1px;border-right-color: windowtext;border-right-width: 1px;padding: 0 7px"><p style="text-align:center"><span>5</span></p></td><td width="180" valign="top" style="width: 180px;border-top-style: none;border-left-style: none;border-bottom-color: windowtext;border-bottom-width: 1px;border-right-color: windowtext;border-right-width: 1px;padding: 0 7px"><p style="text-align:right"><span>UML tools: Rational Rose</span></p></td><td width="62" valign="top" style="width: 62px;border-top-style: none;border-left-style: none;border-bottom-color: windowtext;border-bottom-width: 1px;border-right-color: windowtext;border-right-width: 1px;padding: 0 7px"><p style="text-align:center"><span>&nbsp;</span></p></td><td width="175" valign="top" style="width: 175px;border-top-style: none;border-left-style: none;border-bottom-color: windowtext;border-bottom-width: 1px;border-right-color: windowtext;border-right-width: 1px;padding: 0 7px"><p><span>*</span><span style="font-family:宋体">《前景与范围》</span></p></td><td width="95" valign="top" style="width: 95px;border-top-style: none;border-left-style: none;border-bottom-color: windowtext;border-bottom-width: 1px;border-right-color: windowtext;border-right-width: 1px;padding: 0 7px"><p style="text-align:center"><span>Oct &nbsp;18</span></p></td></tr><tr><td width="57" valign="top" style="width: 57px;border-top-style: none;border-left-style: none;border-bottom-color: windowtext;border-bottom-width: 1px;border-right-color: windowtext;border-right-width: 1px;padding: 0 7px"><p style="text-align:center"><span>6</span></p></td><td width="180" valign="top" style="width: 180px;border-top-style: none;border-left-style: none;border-bottom-color: windowtext;border-bottom-width: 1px;border-right-color: windowtext;border-right-width: 1px;padding: 0 7px"><p style="text-align:right"><span>UML foundation 1</span></p></td><td width="62" valign="top" style="width: 62px;border-top-style: none;border-left-style: none;border-bottom-color: windowtext;border-bottom-width: 1px;border-right-color: windowtext;border-right-width: 1px;padding: 0 7px"><p style="text-align:center"><span>&nbsp;</span></p></td><td width="175" valign="top" style="width: 175px;border-top-style: none;border-left-style: none;border-bottom-color: windowtext;border-bottom-width: 1px;border-right-color: windowtext;border-right-width: 1px;padding: 0 7px"><p><span style="font-family:宋体">《质量保证计划》</span></p></td><td width="95" valign="top" style="width: 95px;border-top-style: none;border-left-style: none;border-bottom-color: windowtext;border-bottom-width: 1px;border-right-color: windowtext;border-right-width: 1px;padding: 0 7px"><p style="text-align:center"><span>Oct &nbsp;25</span></p></td></tr><tr><td width="57" valign="top" style="width: 57px;border-top-style: none;border-left-style: none;border-bottom-color: windowtext;border-bottom-width: 1px;border-right-color: windowtext;border-right-width: 1px;padding: 0 7px"><p style="text-align:center"><span>7</span></p></td><td width="180" valign="top" style="width: 180px;border-top-style: none;border-left-style: none;border-bottom-color: windowtext;border-bottom-width: 1px;border-right-color: windowtext;border-right-width: 1px;padding: 0 7px"><p style="text-align:right"><span>UML foundation 2</span></p></td><td width="62" valign="top" style="width: 62px;border-top-style: none;border-left-style: none;border-bottom-color: windowtext;border-bottom-width: 1px;border-right-color: windowtext;border-right-width: 1px;padding: 0 7px"><p style="text-align:center"><span>&nbsp;</span></p></td><td width="175" valign="top" style="width: 175px;border-top-style: none;border-left-style: none;border-bottom-color: windowtext;border-bottom-width: 1px;border-right-color: windowtext;border-right-width: 1px;padding: 0 7px"><p><span style="font-family:宋体;color:red">《需求工程计划》</span></p></td><td width="95" valign="top" style="width: 95px;border-top-style: none;border-left-style: none;border-bottom-color: windowtext;border-bottom-width: 1px;border-right-color: windowtext;border-right-width: 1px;padding: 0 7px"><p style="text-align:center"><span>Nov &nbsp;1</span></p></td></tr><tr><td width="57" valign="top" style="width: 57px;border-top-style: none;border-left-style: none;border-bottom-color: windowtext;border-bottom-width: 1px;border-right-color: windowtext;border-right-width: 1px;padding: 0 7px"><p style="text-align:center"><span>8</span></p></td><td width="180" valign="top" style="width: 180px;border-top-style: none;border-left-style: none;border-bottom-color: windowtext;border-bottom-width: 1px;border-right-color: windowtext;border-right-width: 1px;padding: 0 7px"><p><span>SRS acquisition</span></p></td><td width="62" valign="top" style="width: 62px;border-top-style: none;border-left-style: none;border-bottom-color: windowtext;border-bottom-width: 1px;border-right-color: windowtext;border-right-width: 1px;padding: 0 7px"><p style="text-align:center"><span>6,7</span></p></td><td width="175" valign="top" style="width: 175px;border-top-style: none;border-left-style: none;border-bottom-color: windowtext;border-bottom-width: 1px;border-right-color: windowtext;border-right-width: 1px;padding: 0 7px"><p><span>&nbsp;</span></p></td><td width="95" valign="top" style="width: 95px;border-top-style: none;border-left-style: none;border-bottom-color: windowtext;border-bottom-width: 1px;border-right-color: windowtext;border-right-width: 1px;padding: 0 7px"><p style="text-align:center"><span>&nbsp;</span></p></td></tr><tr><td width="57" valign="top" style="width: 57px;border-top-style: none;border-left-style: none;border-bottom-color: windowtext;border-bottom-width: 1px;border-right-color: windowtext;border-right-width: 1px;padding: 0 7px"><p style="text-align:center"><span style="font-family:宋体">考试周</span></p></td><td width="180" valign="top" style="width: 180px;border-top-style: none;border-left-style: none;border-bottom-color: windowtext;border-bottom-width: 1px;border-right-color: windowtext;border-right-width: 1px;padding: 0 7px"><p><span>&nbsp;</span></p></td><td width="62" valign="top" style="width: 62px;border-top-style: none;border-left-style: none;border-bottom-color: windowtext;border-bottom-width: 1px;border-right-color: windowtext;border-right-width: 1px;padding: 0 7px"><p style="text-align:center"><span>&nbsp;</span></p></td><td width="175" valign="top" style="width: 175px;border-top-style: none;border-left-style: none;border-bottom-color: windowtext;border-bottom-width: 1px;border-right-color: windowtext;border-right-width: 1px;padding: 0 7px"><p><span>* </span><span style="font-family:宋体">第</span><span>3</span><span style="font-family:宋体">至</span><span>8</span><span style="font-family:宋体">周小组例会纪要</span></p></td><td width="95" valign="top" style="width: 95px;border-top-style: none;border-left-style: none;border-bottom-color: windowtext;border-bottom-width: 1px;border-right-color: windowtext;border-right-width: 1px;padding: 0 7px"><p style="text-align:center"><span>Nov &nbsp;14</span></p></td></tr><tr><td width="47" rowspan="9" valign="top" style="width: 47px;border-right-color: windowtext;border-bottom-color: windowtext;border-left-color: windowtext;border-right-width: 1px;border-bottom-width: 1px;border-left-width: 1px;border-top-style: none;padding: 0 7px"><p style="text-align:center"><span style="font-family:宋体">冬</span></p><p style="text-align:center"><span style="font-family:宋体">学</span></p><p style="text-align:center"><span style="font-family:宋体">期</span></p></td><td width="57" valign="top" style="width: 57px;border-top-style: none;border-left-style: none;border-bottom-color: windowtext;border-bottom-width: 1px;border-right-color: windowtext;border-right-width: 1px;padding: 0 7px"><p style="text-align:center"><span>1</span></p></td><td width="180" valign="top" style="width: 180px;border-top-style: none;border-left-style: none;border-bottom-color: windowtext;border-bottom-width: 1px;border-right-color: windowtext;border-right-width: 1px;padding: 0 7px"><p><span>SRS analysis</span></p></td><td width="62" valign="top" style="width: 62px;border-top-style: none;border-left-style: none;border-bottom-color: windowtext;border-bottom-width: 1px;border-right-color: windowtext;border-right-width: 1px;padding: 0 7px"><p style="text-align:center"><span>8,9,14</span></p></td><td width="175" valign="top" style="width: 175px;border-top-style: none;border-left-style: none;border-bottom-color: windowtext;border-bottom-width: 1px;border-right-color: windowtext;border-right-width: 1px;padding: 0 7px"><p><span>&nbsp;</span></p></td><td width="95" valign="top" style="width: 95px;border-top-style: none;border-left-style: none;border-bottom-color: windowtext;border-bottom-width: 1px;border-right-color: windowtext;border-right-width: 1px;padding: 0 7px"><p style="text-align:center"><span>&nbsp;</span></p></td></tr><tr><td width="57" valign="top" style="width: 57px;border-top-style: none;border-left-style: none;border-bottom-color: windowtext;border-bottom-width: 1px;border-right-color: windowtext;border-right-width: 1px;padding: 0 7px"><p style="text-align:center"><span>2</span></p></td><td width="180" valign="top" style="width: 180px;border-top-style: none;border-left-style: none;border-bottom-color: windowtext;border-bottom-width: 1px;border-right-color: windowtext;border-right-width: 1px;padding: 0 7px"><p><span>SRS specification &amp; &nbsp;definition</span></p></td><td width="62" valign="top" style="width: 62px;border-top-style: none;border-left-style: none;border-bottom-color: windowtext;border-bottom-width: 1px;border-right-color: windowtext;border-right-width: 1px;padding: 0 7px"><p style="text-align:center"><span>10,11,(12)</span></p></td><td width="175" valign="top" style="width: 175px;border-top-style: none;border-left-style: none;border-bottom-color: windowtext;border-bottom-width: 1px;border-right-color: windowtext;border-right-width: 1px;padding: 0 7px"><p><span>&nbsp;</span></p></td><td width="95" valign="top" style="width: 95px;border-top-style: none;border-left-style: none;border-bottom-color: windowtext;border-bottom-width: 1px;border-right-color: windowtext;border-right-width: 1px;padding: 0 7px"><p style="text-align:center"><span>&nbsp;</span></p></td></tr><tr><td width="57" valign="top" style="width: 57px;border-top-style: none;border-left-style: none;border-bottom-color: windowtext;border-bottom-width: 1px;border-right-color: windowtext;border-right-width: 1px;padding: 0 7px"><p style="text-align:center"><span>3</span></p></td><td width="180" valign="top" style="width: 180px;border-top-style: none;border-left-style: none;border-bottom-color: windowtext;border-bottom-width: 1px;border-right-color: windowtext;border-right-width: 1px;padding: 0 7px"><p><span>SRS verification &amp; &nbsp;validation</span></p></td><td width="62" valign="top" style="width: 62px;border-top-style: none;border-left-style: none;border-bottom-color: windowtext;border-bottom-width: 1px;border-right-color: windowtext;border-right-width: 1px;padding: 0 7px"><p style="text-align:center"><span>15,(16,17)</span></p></td><td width="175" valign="top" style="width: 175px;border-top-style: none;border-left-style: none;border-bottom-color: windowtext;border-bottom-width: 1px;border-right-color: windowtext;border-right-width: 1px;padding: 0 7px"><p><span style="font-family:宋体;color:red">《软件需求规格说明书》</span></p></td><td width="95" valign="top" style="width: 95px;border-top-style: none;border-left-style: none;border-bottom-color: windowtext;border-bottom-width: 1px;border-right-color: windowtext;border-right-width: 1px;padding: 0 7px"><p style="text-align:center"><span>Dec &nbsp;6</span></p></td></tr><tr><td width="57" valign="top" style="width: 57px;border-top-style: none;border-left-style: none;border-bottom-color: windowtext;border-bottom-width: 1px;border-right-color: windowtext;border-right-width: 1px;padding: 0 7px"><p style="text-align:center"><span>4</span></p></td><td width="180" valign="top" style="width: 180px;border-top-style: none;border-left-style: none;border-bottom-color: windowtext;border-bottom-width: 1px;border-right-color: windowtext;border-right-width: 1px;padding: 0 7px"><p style="text-align:right"><span>UML foundation 3</span></p></td><td width="62" valign="top" style="width: 62px;border-top-style: none;border-left-style: none;border-bottom-color: windowtext;border-bottom-width: 1px;border-right-color: windowtext;border-right-width: 1px;padding: 0 7px"><p style="text-align:center"><span>&nbsp;</span></p></td><td width="175" valign="top" style="width: 175px;border-top-style: none;border-left-style: none;border-bottom-color: windowtext;border-bottom-width: 1px;border-right-color: windowtext;border-right-width: 1px;padding: 0 7px"><p><span style="color:blue">*</span><span style="font-family:宋体;color:blue">《系统设计计划》</span></p><p><span>*</span><span style="font-family:宋体">《需求变更控制会规程》</span></p></td><td width="95" valign="top" style="width: 95px;border-top-style: none;border-left-style: none;border-bottom-color: windowtext;border-bottom-width: 1px;border-right-color: windowtext;border-right-width: 1px;padding: 0 7px"><p style="text-align:center"><span>Dec &nbsp;13</span></p></td></tr><tr><td width="57" valign="top" style="width: 57px;border-top-style: none;border-left-style: none;border-bottom-color: windowtext;border-bottom-width: 1px;border-right-color: windowtext;border-right-width: 1px;padding: 0 7px"><p style="text-align:center"><span>5</span></p></td><td width="180" valign="top" style="width: 180px;border-top-style: none;border-left-style: none;border-bottom-color: windowtext;border-bottom-width: 1px;border-right-color: windowtext;border-right-width: 1px;padding: 0 7px"><p style="text-align:right"><span>UML foundation 4</span></p></td><td width="62" valign="top" style="width: 62px;border-top-style: none;border-left-style: none;border-bottom-color: windowtext;border-bottom-width: 1px;border-right-color: windowtext;border-right-width: 1px;padding: 0 7px"><p style="text-align:center"><span>&nbsp;</span></p></td><td width="175" valign="top" style="width: 175px;border-top-style: none;border-left-style: none;border-bottom-color: windowtext;border-bottom-width: 1px;border-right-color: windowtext;border-right-width: 1px;padding: 0 7px"><p><span style="color:blue">*</span><span style="font-family:宋体;color:blue">《系统编码与实现计划》</span></p><p><span style="color:blue">*</span><span style="font-family:宋体;color:blue">《测试计划》</span></p></td><td width="95" valign="top" style="width: 95px;border-top-style: none;border-left-style: none;border-bottom-color: windowtext;border-bottom-width: 1px;border-right-color: windowtext;border-right-width: 1px;padding: 0 7px"><p style="text-align:center"><span>Dec &nbsp;20</span></p></td></tr><tr><td width="57" valign="top" style="width: 57px;border-top-style: none;border-left-style: none;border-bottom-color: windowtext;border-bottom-width: 1px;border-right-color: windowtext;border-right-width: 1px;padding: 0 7px"><p style="text-align:center"><span>6</span></p></td><td width="180" valign="top" style="width: 180px;border-top-style: none;border-left-style: none;border-bottom-color: windowtext;border-bottom-width: 1px;border-right-color: windowtext;border-right-width: 1px;padding: 0 7px"><p><span>SRS management</span></p></td><td width="62" valign="top" style="width: 62px;border-top-style: none;border-left-style: none;border-bottom-color: windowtext;border-bottom-width: 1px;border-right-color: windowtext;border-right-width: 1px;padding: 0 7px"><p style="text-align:center"><span>18,19,20,21</span></p></td><td width="175" valign="top" style="width: 175px;border-top-style: none;border-left-style: none;border-bottom-color: windowtext;border-bottom-width: 1px;border-right-color: windowtext;border-right-width: 1px;padding: 0 7px"><p><span style="font-family:宋体;color:red">《需求变更控制文档》</span></p><p><span style="color:blue">*</span><span style="font-family:宋体;color:blue">《用户手册》</span></p></td><td width="95" valign="top" style="width: 95px;border-top-style: none;border-left-style: none;border-bottom-color: windowtext;border-bottom-width: 1px;border-right-color: windowtext;border-right-width: 1px;padding: 0 7px"><p style="text-align:center"><span>Dec &nbsp;27</span></p></td></tr><tr><td width="57" valign="top" style="width: 57px;border-top-style: none;border-left-style: none;border-bottom-color: windowtext;border-bottom-width: 1px;border-right-color: windowtext;border-right-width: 1px;padding: 0 7px"><p style="text-align:center"><span>7</span></p></td><td width="180" valign="top" style="width: 180px;border-top-style: none;border-left-style: none;border-bottom-color: windowtext;border-bottom-width: 1px;border-right-color: windowtext;border-right-width: 1px;padding: 0 7px"><p style="text-align:right"><span>UML &amp; design pattern</span></p></td><td width="62" valign="top" style="width: 62px;border-top-style: none;border-left-style: none;border-bottom-color: windowtext;border-bottom-width: 1px;border-right-color: windowtext;border-right-width: 1px;padding: 0 7px"><p style="text-align:center"><span style="color:red">&nbsp;</span></p></td><td width="175" valign="top" style="width: 175px;border-top-style: none;border-left-style: none;border-bottom-color: windowtext;border-bottom-width: 1px;border-right-color: windowtext;border-right-width: 1px;padding: 0 7px"><p><span style="font-family:宋体;color:red">《软件概要设计说明》</span></p><p><span style="color:blue">*</span><span style="font-family:宋体;color:blue">《工程部署计划》</span></p><p><span style="color:blue">*</span><span style="font-family:宋体;color:blue">《培训计划》</span></p><p><span style="color:blue">*</span><span style="font-family:宋体;color:blue">《系统维护计划》</span></p><p><span style="font-family:宋体">《项目总结报告》</span></p></td><td width="95" valign="top" style="width: 95px;border-top-style: none;border-left-style: none;border-bottom-color: windowtext;border-bottom-width: 1px;border-right-color: windowtext;border-right-width: 1px;padding: 0 7px"><p style="text-align:center"><span>Jan &nbsp;3</span></p></td></tr><tr><td width="57" valign="top" style="width: 57px;border-top-style: none;border-left-style: none;border-bottom-color: windowtext;border-bottom-width: 1px;border-right-color: windowtext;border-right-width: 1px;padding: 0 7px"><p style="text-align:center"><span>8</span></p></td><td width="180" valign="top" style="width: 180px;border-top-style: none;border-left-style: none;border-bottom-color: windowtext;border-bottom-width: 1px;border-right-color: windowtext;border-right-width: 1px;padding: 0 7px"><p><span style="font-family:宋体">答辩与评价；经验交流</span></p></td><td width="62" valign="top" style="width: 62px;border-top-style: none;border-left-style: none;border-bottom-color: windowtext;border-bottom-width: 1px;border-right-color: windowtext;border-right-width: 1px;padding: 0 7px"><p style="text-align:center"><span>&nbsp;</span></p></td><td width="175" valign="top" style="width: 175px;border-top-style: none;border-left-style: none;border-bottom-color: windowtext;border-bottom-width: 1px;border-right-color: windowtext;border-right-width: 1px;padding: 0 7px"><p><span>* </span><span style="font-family:宋体">全部小组例会纪要</span></p></td><td width="95" valign="top" style="width: 95px;border-top-style: none;border-left-style: none;border-bottom-color: windowtext;border-bottom-width: 1px;border-right-color: windowtext;border-right-width: 1px;padding: 0 7px"><p style="text-align:center"><span>Jan &nbsp;10</span></p></td></tr><tr><td width="57" valign="top" style="width: 57px;border-top-style: none;border-left-style: none;border-bottom-color: windowtext;border-bottom-width: 1px;border-right-color: windowtext;border-right-width: 1px;padding: 0 7px"><p style="text-align:center"><span style="font-family:宋体">考试周</span></p></td><td width="180" valign="top" style="width: 180px;border-top-style: none;border-left-style: none;border-bottom-color: windowtext;border-bottom-width: 1px;border-right-color: windowtext;border-right-width: 1px;padding: 0 7px"><p><span>&nbsp;</span></p></td><td width="62" valign="top" style="width: 62px;border-top-style: none;border-left-style: none;border-bottom-color: windowtext;border-bottom-width: 1px;border-right-color: windowtext;border-right-width: 1px;padding: 0 7px"><p style="text-align:center"><span>&nbsp;</span></p></td><td width="175" valign="top" style="width: 175px;border-top-style: none;border-left-style: none;border-bottom-color: windowtext;border-bottom-width: 1px;border-right-color: windowtext;border-right-width: 1px;padding: 0 7px"><p><span>&nbsp;</span></p></td><td width="95" valign="top" style="width: 95px;border-top-style: none;border-left-style: none;border-bottom-color: windowtext;border-bottom-width: 1px;border-right-color: windowtext;border-right-width: 1px;padding: 0 7px"><p style="text-align:center"><span>&nbsp;</span></p></td></tr></tbody></table><p><span>&nbsp;</span></p><p><span style="font-family:宋体">说明：</span></p><p style="margin-left:28px"><span>1.<span style="font-size: 9px;line-height: normal;font-family: &#39;Times New Roman&#39;">&nbsp;&nbsp;&nbsp;&nbsp;&nbsp;&nbsp;&nbsp;&nbsp;</span></span><span style="font-family:宋体">秋学期第</span><span>3</span><span style="font-family:宋体">周至冬学期第</span><span>3</span><span style="font-family:宋体">周大致为需求开发阶段；冬学期第</span><span>4</span><span style="font-family:宋体">至</span><span>7</span><span style="font-family:宋体">周大致为需求维护管理阶段。</span></p><p style="margin-left:28px"><span>2.<span style="font-size: 9px;line-height: normal;font-family: &#39;Times New Roman&#39;">&nbsp;&nbsp;&nbsp;&nbsp;&nbsp;&nbsp;&nbsp;&nbsp;</span></span><span style="font-family:宋体">上表体现了课程教学小组对本课程的安排。每个小组应按照自身对项目的理解，自行独立制定项目计划。上表中的“项目任务（及里程碑）”及“截止日期”两列，仅作为各小组制定工作计划的时间框架参考，不代表最佳安排或者合理安排。</span></p><p style="margin-left:56px"><span style="font-family:Wingdings">l<span style="font-size: 9px;line-height: normal;font-family: &#39;Times New Roman&#39;">&nbsp; </span></span><span style="font-family:宋体">红色表示的文档（及其截止日期）应该在各项目小组的计划中，且具体安排完成时间不得迟于上表给出的指导性时间。若推迟提交，则每推迟一周扣该文档满分的</span><span>10% </span><span style="font-family:宋体">——</span><span style="font-family:宋体">“可提早，不可推迟”。</span></p><p style="margin-left:56px"><span style="font-family:Wingdings">l<span style="font-size: 9px;line-height: normal;font-family: &#39;Times New Roman&#39;">&nbsp; </span></span><span style="font-family:宋体">不带星号（</span><span>*</span><span style="font-family:宋体">）的文档必须完成并提交，带星号（</span><span>*</span><span style="font-family:宋体">）的表示选做。</span></p><p style="margin-left:28px"><span>3.<span style="font-size: 9px;line-height: normal;font-family: &#39;Times New Roman&#39;">&nbsp;&nbsp;&nbsp;&nbsp;&nbsp;&nbsp;&nbsp;&nbsp;</span></span><span style="font-family:宋体">各小组每周（至少）一次例会，有正式的例会纪要，简述刚过去的一周的进展和下一两周的计划。</span></p><p><br/></p>', '<p><span style="font-family:宋体">《软件需求》第</span><span>2</span><span style="font-family:宋体">版，</span><span>[</span><span style="font-family:宋体">美</span><span>] Karl E. Wiegers </span><span style="font-family:宋体">著，刘伟琴、刘洪涛</span><span style="font-family:宋体">译，</span><span>2004</span><span style="font-family:宋体">年</span><span>11</span><span style="font-family:宋体">月第</span><span>1</span><span style="font-family:宋体">版，清华大学出版社。</span></p><p><span style="font-family:宋体">《软件需求》，</span><span>[</span><span style="font-family:宋体">美</span><span>] Karl E. Wiegers </span><span style="font-family:宋体">著，陆丽娜、王忠民、王志敏</span><span style="font-family:宋体">译，</span><span>2002</span><span style="font-family:宋体">年</span><span>7</span><span style="font-family:宋体">月第</span><span>1</span><span style="font-family:宋体">版，机械工业出版社。</span></p><p><span style="font-family:宋体">《统一软件开发过程》，</span><span>[</span><span style="font-family:宋体">美</span><span>] Ivar Jacobson, Grady Booch, James Rambaugh </span><span style="font-family:宋体">著，周伯生、冯学民、樊东平</span> <span style="font-family:宋体">译，</span><span>2002</span><span style="font-family:宋体">年</span><span>1</span><span style="font-family:宋体">月第</span><span>1</span><span style="font-family:宋体">版，机械工业出版社。</span></p><p><span style="font-family:宋体">《软件需求管理</span><span>-</span><span style="font-family:宋体">统一方法》，</span><span>[</span><span style="font-family:宋体">美</span><span>] Dean Leffingwell Don Widrig </span><span style="font-family:宋体">著，蒋慧、林东</span> <span style="font-family:宋体">译，</span><span>2003</span><span style="font-family:宋体">年第</span><span>1</span><span style="font-family:宋体">版，机械工业出版社。</span></p><p><span style="font-family:宋体">《面向对象技术</span><span>UML</span><span style="font-family:宋体">教程》，王少锋</span><span style="font-family:宋体">编著，清华大学出版社。</span></p><p><span style="font-family:宋体">《面向对象设计</span><span>UML</span><span style="font-family:宋体">实践》，</span><span>Mark Priestley</span><span style="font-family:宋体">著，龚晓庆、卞雷等译，王少锋审，清华大学出版社。</span></p><p><span style="font-family:宋体">《</span><span>Practical Object-oriented Design with UML</span><span style="font-family:宋体">》</span><span> 2th Edition</span><span style="font-family:宋体">，</span><span>Markpriestley</span><span style="font-family:宋体">，清华大学出版社。</span></p><p><span style="font-family:宋体">《</span><span>UML</span><span style="font-family:宋体">用户指南》第</span><span>2</span><span style="font-family:宋体">版，</span><span>Grady Booch </span><span style="font-family:宋体">等著，邵维忠、麻志毅、马浩海、刘辉</span><span style="font-family:宋体">译，人民邮电出版社。</span></p><p><span style="font-family:宋体">《</span><span>UML</span><span style="font-family:宋体">与</span><span>Rational Rose2002</span><span style="font-family:宋体">从入门到精通》，</span><span>Wendy Boggs</span><span style="font-family:宋体">等著，邱促潘等译，电子工业出版社。</span></p><p><br/></p>');
INSERT INTO `outline` (`course`, `target`, `requirement`, `arrangement`, `recommendation`) VALUES
(3, '<p><span style="font-family: 宋体; background-color: rgb(255, 255, 255);">（一）学习目标</span></p><p><span style="background-color: rgb(255, 255, 255);"><span style="font-family:宋体">使学生系统地掌握需求开发和管理的技术和方法，掌握需求分析和建模的技术和方法，掌握需求规格的验证和评审等要点和方法，掌握应用</span><span>UML</span><span style="font-family:宋体">进行软件分析与设计的技术和方法。</span></span></p><p><span style="font-family: 宋体; background-color: rgb(255, 255, 255);">（二）可测量结果</span></p><p><span style="font-family: 宋体; background-color: rgb(255, 255, 255);">结合具体的实际项目开发，解决软件项目开发中的有关需求的各种问题，能够适应目前各种应用项目的系统的需求开发和管理工作。</span></p>', '<p><span style="font-family:宋体">（一）授课方式与要求</span></p><p><span style="font-family:宋体">课堂授课</span><span>16</span><span style="font-family:宋体">次</span><span>,</span><span style="font-family:宋体">每次</span><span>3</span><span style="font-family:宋体">个学时</span><span>,</span><span style="font-family:宋体">具体内容如下</span><span>:</span></p><table border="1" cellspacing="0" cellpadding="0" style="border: none"><tbody><tr><td width="198" valign="top" style="width: 198px;border-color: windowtext;border-width: 1px;padding: 0 7px"><p><span style="font-family:宋体">知识模块</span><span>&nbsp;&nbsp;&nbsp;&nbsp;&nbsp;&nbsp;&nbsp;&nbsp; </span></p></td><td width="284" valign="top" style="width: 284px;border-top-color: windowtext;border-right-color: windowtext;border-bottom-color: windowtext;border-top-width: 1px;border-right-width: 1px;border-bottom-width: 1px;border-left-style: none;padding: 0 7px"><p><span style="font-family:宋体">内容</span></p></td><td width="71" valign="top" style="width: 71px;border-top-color: windowtext;border-right-color: windowtext;border-bottom-color: windowtext;border-top-width: 1px;border-right-width: 1px;border-bottom-width: 1px;border-left-style: none;padding: 0 7px"><p><span style="font-family:宋体">学时（课堂讲授）</span></p></td></tr><tr><td width="198" valign="top" style="width: 198px;border-right-color: windowtext;border-bottom-color: windowtext;border-left-color: windowtext;border-right-width: 1px;border-bottom-width: 1px;border-left-width: 1px;border-top-style: none;padding: 0 7px"><p><span style="font-family:宋体">软件需求分析与软件设计概述</span></p></td><td width="284" valign="top" style="width: 284px;border-top-style: none;border-left-style: none;border-bottom-color: windowtext;border-bottom-width: 1px;border-right-color: windowtext;border-right-width: 1px;padding: 0 7px"><p><span style="font-family:宋体">需求工程发展过程</span></p><p><span style="font-family:宋体">软件需求分析基本概念</span></p><p><span style="font-family:宋体">需求工程的主要过程和方法</span></p><p><span style="font-family:宋体">软件设计基本概念</span></p><p><span style="font-family:宋体">软件设计的主要过程和方法</span></p><p><span style="font-family:宋体">相关知识体系介绍</span></p></td><td width="71" valign="top" style="width: 71px;border-top-style: none;border-left-style: none;border-bottom-color: windowtext;border-bottom-width: 1px;border-right-color: windowtext;border-right-width: 1px;padding: 0 7px"><p><span>6</span></p></td></tr><tr><td width="198" valign="top" style="width: 198px;border-right-color: windowtext;border-bottom-color: windowtext;border-left-color: windowtext;border-right-width: 1px;border-bottom-width: 1px;border-left-width: 1px;border-top-style: none;padding: 0 7px"><p><span style="font-family:宋体">软件需求获取与分析</span></p></td><td width="284" valign="top" style="width: 284px;border-top-style: none;border-left-style: none;border-bottom-color: windowtext;border-bottom-width: 1px;border-right-color: windowtext;border-right-width: 1px;padding: 0 7px"><p><span style="font-family:宋体">需求获取的指导方针</span></p><p><span style="font-family:宋体">需求获取的主要方法与技术</span></p><p><span style="font-family:宋体">需求分析的目的</span></p><p><span style="font-family:宋体">需求分析的主要方法</span></p></td><td width="71" valign="top" style="width: 71px;border-top-style: none;border-left-style: none;border-bottom-color: windowtext;border-bottom-width: 1px;border-right-color: windowtext;border-right-width: 1px;padding: 0 7px"><p><span>12</span></p></td></tr><tr><td width="198" valign="top" style="width: 198px;border-right-color: windowtext;border-bottom-color: windowtext;border-left-color: windowtext;border-right-width: 1px;border-bottom-width: 1px;border-left-width: 1px;border-top-style: none;padding: 0 7px"><p><span style="font-family:宋体">软件需求规范与管理</span></p></td><td width="284" valign="top" style="width: 284px;border-top-style: none;border-left-style: none;border-bottom-color: windowtext;border-bottom-width: 1px;border-right-color: windowtext;border-right-width: 1px;padding: 0 7px"><p><span style="font-family:宋体">需求规格说明的目的</span></p><p><span style="font-family:宋体">需求规格说明的主要方法</span></p><p><span style="font-family:宋体">需求验证与审核的主要方法</span></p><p><span style="font-family:宋体">需求管理的目的</span></p><p><span style="font-family:宋体">需求管理的主要方法与步骤</span></p></td><td width="71" valign="top" style="width: 71px;border-top-style: none;border-left-style: none;border-bottom-color: windowtext;border-bottom-width: 1px;border-right-color: windowtext;border-right-width: 1px;padding: 0 7px"><p><span>12</span></p></td></tr><tr><td width="198" valign="top" style="width: 198px;border-right-color: windowtext;border-bottom-color: windowtext;border-left-color: windowtext;border-right-width: 1px;border-bottom-width: 1px;border-left-width: 1px;border-top-style: none;padding: 0 7px"><p><span style="font-family:宋体">软件设计基础</span></p></td><td width="284" valign="top" style="width: 284px;border-top-style: none;border-left-style: none;border-bottom-color: windowtext;border-bottom-width: 1px;border-right-color: windowtext;border-right-width: 1px;padding: 0 7px"><p><span>UML</span><span style="font-family:宋体">分析设计方法介绍</span></p><p><span>UML</span><span style="font-family:宋体">各种建模工具（图）的作用及使用</span></p><p><span style="font-family:宋体">软件图形化建模工具介绍</span></p></td><td width="71" valign="top" style="width: 71px;border-top-style: none;border-left-style: none;border-bottom-color: windowtext;border-bottom-width: 1px;border-right-color: windowtext;border-right-width: 1px;padding: 0 7px"><p><span>12</span></p></td></tr><tr style=";height:212px"><td width="198" valign="top" style="width: 198px;border-right-color: windowtext;border-bottom-color: windowtext;border-left-color: windowtext;border-right-width: 1px;border-bottom-width: 1px;border-left-width: 1px;border-top-style: none;padding: 0 7px;height: 212px"><p><span style="font-family:宋体">软件需求分析与设计实践</span></p></td><td width="284" valign="top" style="width: 284px;border-top-style: none;border-left-style: none;border-bottom-color: windowtext;border-bottom-width: 1px;border-right-color: windowtext;border-right-width: 1px;padding: 0 7px;height: 212px"><p><span style="font-family:宋体">根据课程作业要求编写《需求分析与设计项目计划》</span> &nbsp;<span style="font-family:宋体">实践需求工程的各个过程：需求识别、需求分析与设计</span></p><p><span>OOA</span><span style="font-family:宋体">方法，</span><span>UML</span><span style="font-family:宋体">描述</span></p><p><span style="font-family:宋体">需求定义：软件需求说明文档、需求管理：变更的控制与跟踪记录报告</span></p><p><span style="font-family:宋体">采用</span><span>UML</span><span style="font-family:宋体">方法，完成基本的软件概要设计说明书</span></p><p><span style="font-family:宋体">提出改进措施：技术方法的改进，软件需求分析及设计过程的改进建议</span></p></td><td width="71" valign="top" style="width: 71px;border-top-style: none;border-left-style: none;border-bottom-color: windowtext;border-bottom-width: 1px;border-right-color: windowtext;border-right-width: 1px;padding: 0 7px;height: 212px"><p><span>6</span></p></td></tr></tbody></table><p><span>&nbsp;</span></p><p><span style="font-family:宋体">（二）</span><span>&nbsp;&nbsp;&nbsp;&nbsp; </span><span style="font-family:宋体">考试评分与建议</span></p><p><span style="font-family:宋体">以大型课程作业的方式，采用项目管理的方法，对具体课程作业内容项目：对“软件工程教学辅助系统”项目的需求进行分析与设计。</span></p><p><span style="font-family:宋体">课程作业要求：</span></p><p class="MsoListParagraph" style="margin-left:28px"><span>1.<span style="font-size: 9px;line-height: normal;font-family: &#39;Times New Roman&#39;">&nbsp;&nbsp;&nbsp;&nbsp;&nbsp;&nbsp;&nbsp;&nbsp;</span></span><span style="font-family:宋体">每</span><span>5-8</span><span style="font-family:宋体">人组成一个项目小组，在项目经理（组长）的领导下，团结协作共同完成课程作业。</span></p><p class="MsoListParagraph" style="margin-left:28px"><span>2.<span style="font-size: 9px;line-height: normal;font-family: &#39;Times New Roman&#39;">&nbsp;&nbsp;&nbsp;&nbsp;&nbsp;&nbsp;&nbsp;&nbsp;</span></span><span style="font-family:宋体">提供的《需求分析与设计项目计划》</span></p><p class="MsoListParagraph" style="margin-left:28px"><span>3.<span style="font-size: 9px;line-height: normal;font-family: &#39;Times New Roman&#39;">&nbsp;&nbsp;&nbsp;&nbsp;&nbsp;&nbsp;&nbsp;&nbsp;</span></span><span style="font-family:宋体">实践需求工程的各个过程，主要包括：</span></p><p class="MsoListParagraph" style="margin-left:56px"><span>a.<span style="font-size: 9px;line-height: normal;font-family: &#39;Times New Roman&#39;">&nbsp;&nbsp;&nbsp;&nbsp;&nbsp;&nbsp;&nbsp;&nbsp;</span></span><span style="font-family:宋体">需求识别：教师、学生、技术专家等需求</span></p><p class="MsoListParagraph" style="margin-left:56px"><span>b.<span style="font-size: 9px;line-height: normal;font-family: &#39;Times New Roman&#39;">&nbsp;&nbsp;&nbsp;&nbsp;&nbsp;&nbsp;&nbsp;&nbsp;</span></span><span style="font-family:宋体">重点完成需求分析与设计：</span><span>OOA</span><span style="font-family:宋体">方法，</span><span>UML</span><span style="font-family:宋体">描述</span></p><p class="MsoListParagraph" style="margin-left:56px"><span>c.<span style="font-size: 9px;line-height: normal;font-family: &#39;Times New Roman&#39;">&nbsp;&nbsp;&nbsp;&nbsp;&nbsp;&nbsp;&nbsp;&nbsp;</span></span><span style="font-family:宋体">需求定义：软件需求说明文档</span></p><p class="MsoListParagraph" style="margin-left:56px"><span>d.<span style="font-size: 9px;line-height: normal;font-family: &#39;Times New Roman&#39;">&nbsp;&nbsp;&nbsp;&nbsp;&nbsp;&nbsp;&nbsp;&nbsp;</span></span><span style="font-family:宋体">需求的确认：需求评审会议及报告，需求基准</span><span>SRS</span></p><p class="MsoListParagraph" style="margin-left:56px"><span>e.<span style="font-size: 9px;line-height: normal;font-family: &#39;Times New Roman&#39;">&nbsp;&nbsp;&nbsp;&nbsp;&nbsp;&nbsp;&nbsp;&nbsp;</span></span><span style="font-family:宋体">需求管理：变更的控制与跟踪记录报告</span></p><p class="MsoListParagraph" style="margin-left:28px"><span>4.<span style="font-size: 9px;line-height: normal;font-family: &#39;Times New Roman&#39;">&nbsp;&nbsp;&nbsp;&nbsp;&nbsp;&nbsp;&nbsp;&nbsp;</span></span><span style="font-family:宋体">采用</span><span>UML</span><span style="font-family:宋体">方法，完成基本的软件概要设计说明书</span></p><p class="MsoListParagraph" style="margin-left:28px"><span>5.<span style="font-size: 9px;line-height: normal;font-family: &#39;Times New Roman&#39;">&nbsp;&nbsp;&nbsp;&nbsp;&nbsp;&nbsp;&nbsp;&nbsp;</span></span><span style="font-family:宋体">提出改进措施：</span></p><p><span>&nbsp;&nbsp;&nbsp;&nbsp;&nbsp;&nbsp;&nbsp;&nbsp; </span><span style="font-family:宋体">技术方法的改进，软件需求分析及设计过程的改进建议</span></p><p><span>&nbsp;</span></p><p><span style="font-family:宋体">考核方式</span><span>:</span></p><p><span style="font-family:宋体">按照课程作业的三个里程碑分别进行讲评，最后每组准备</span><span>10</span><span style="font-family:宋体">分钟</span><span>PPT</span><span style="font-family:宋体">进行讲解，由全部小组的组长对其进行评审、打分，去掉最高和最低分，取平均分数占总分的</span><span>80%</span><span style="font-family:宋体">，教师综合平时情况给出的分数占</span><span>20%</span><span style="font-family:宋体">。</span></p>', '<table border="1" cellspacing="0" cellpadding="0" width="615" style="border: none"><tbody><tr><td width="47" valign="top" style="width: 47px;border-color: windowtext;border-width: 1px;padding: 0 7px"><p style="text-align:center"><span style="font-family:宋体">学期</span></p></td><td width="57" valign="top" style="width: 57px;border-top-color: windowtext;border-right-color: windowtext;border-bottom-color: windowtext;border-top-width: 1px;border-right-width: 1px;border-bottom-width: 1px;border-left-style: none;padding: 0 7px"><p style="text-align:center"><span style="font-family:宋体">教学周</span></p></td><td width="180" valign="top" style="width: 180px;border-top-color: windowtext;border-right-color: windowtext;border-bottom-color: windowtext;border-top-width: 1px;border-right-width: 1px;border-bottom-width: 1px;border-left-style: none;padding: 0 7px"><p style="text-align:center"><span style="font-family:宋体">课堂教学</span></p></td><td width="62" valign="top" style="width: 62px;border-top-color: windowtext;border-right-color: windowtext;border-bottom-color: windowtext;border-top-width: 1px;border-right-width: 1px;border-bottom-width: 1px;border-left-style: none;padding: 0 7px"><p style="text-align:center"><span style="font-family:宋体">阅读</span></p></td><td width="175" valign="top" style="width: 175px;border-top-color: windowtext;border-right-color: windowtext;border-bottom-color: windowtext;border-top-width: 1px;border-right-width: 1px;border-bottom-width: 1px;border-left-style: none;padding: 0 7px"><p style="text-align:center"><span style="font-family:宋体">项目任务（及里程碑）</span></p></td><td width="95" valign="top" style="width: 95px;border-top-color: windowtext;border-right-color: windowtext;border-bottom-color: windowtext;border-top-width: 1px;border-right-width: 1px;border-bottom-width: 1px;border-left-style: none;padding: 0 7px"><p style="text-align:center"><span style="font-family:宋体">截止</span></p></td></tr><tr><td width="47" rowspan="9" valign="top" style="width: 47px;border-right-color: windowtext;border-bottom-color: windowtext;border-left-color: windowtext;border-right-width: 1px;border-bottom-width: 1px;border-left-width: 1px;border-top-style: none;padding: 0 7px"><p style="text-align:center"><span style="font-family:宋体">秋</span></p><p style="text-align:center"><span style="font-family:宋体">学</span></p><p style="text-align:center"><span style="font-family:宋体">期</span></p></td><td width="57" valign="top" style="width: 57px;border-top-style: none;border-left-style: none;border-bottom-color: windowtext;border-bottom-width: 1px;border-right-color: windowtext;border-right-width: 1px;padding: 0 7px"><p style="text-align:center"><span>1</span></p></td><td width="180" valign="top" style="width: 180px;border-top-style: none;border-left-style: none;border-bottom-color: windowtext;border-bottom-width: 1px;border-right-color: windowtext;border-right-width: 1px;padding: 0 7px"><p><span>SRE Course Brief</span></p></td><td width="62" valign="top" style="width: 62px;border-top-style: none;border-left-style: none;border-bottom-color: windowtext;border-bottom-width: 1px;border-right-color: windowtext;border-right-width: 1px;padding: 0 7px"><p style="text-align:center"><span>&nbsp;</span></p></td><td width="175" rowspan="2" valign="top" style="width: 175px;border-top-style: none;border-left-style: none;border-bottom-color: windowtext;border-bottom-width: 1px;border-right-color: windowtext;border-right-width: 1px;padding: 0 7px"><p><span style="font-family:宋体">分组，建立通讯录、角色分工、例会制度、日报制度等</span></p><p><span style="font-family:宋体">完成《人员分组表》</span></p></td><td width="95" valign="top" style="width: 95px;border-top-style: none;border-left-style: none;border-bottom-color: windowtext;border-bottom-width: 1px;border-right-color: windowtext;border-right-width: 1px;padding: 0 7px"><p style="text-align:center"><span>&nbsp;</span></p></td></tr><tr><td width="57" valign="top" style="width: 57px;border-top-style: none;border-left-style: none;border-bottom-color: windowtext;border-bottom-width: 1px;border-right-color: windowtext;border-right-width: 1px;padding: 0 7px"><p style="text-align:center"><span>2</span></p></td><td width="180" valign="top" style="width: 180px;border-top-style: none;border-left-style: none;border-bottom-color: windowtext;border-bottom-width: 1px;border-right-color: windowtext;border-right-width: 1px;padding: 0 7px"><p><span>SRE Introduction</span></p></td><td width="62" valign="top" style="width: 62px;border-top-style: none;border-left-style: none;border-bottom-color: windowtext;border-bottom-width: 1px;border-right-color: windowtext;border-right-width: 1px;padding: 0 7px"><p style="text-align:center"><span>1,2,3</span></p></td><td width="95" valign="top" style="width: 95px;border-top-style: none;border-left-style: none;border-bottom-color: windowtext;border-bottom-width: 1px;border-right-color: windowtext;border-right-width: 1px;padding: 0 7px"><p style="text-align:center"><span>&nbsp;</span></p></td></tr><tr><td width="57" valign="top" style="width: 57px;border-top-style: none;border-left-style: none;border-bottom-color: windowtext;border-bottom-width: 1px;border-right-color: windowtext;border-right-width: 1px;padding: 0 7px"><p style="text-align:center"><span>3</span></p></td><td width="180" valign="top" style="width: 180px;border-top-style: none;border-left-style: none;border-bottom-color: windowtext;border-bottom-width: 1px;border-right-color: windowtext;border-right-width: 1px;padding: 0 7px"><p><span>SRE Overview</span></p><p style="text-align:right"><span style="font-family:宋体">发布《项目描述》</span></p></td><td width="62" valign="top" style="width: 62px;border-top-style: none;border-left-style: none;border-bottom-color: windowtext;border-bottom-width: 1px;border-right-color: windowtext;border-right-width: 1px;padding: 0 7px"><p style="text-align:center"><span>4,5,(13)</span></p></td><td width="175" valign="top" style="width: 175px;border-top-style: none;border-left-style: none;border-bottom-color: windowtext;border-bottom-width: 1px;border-right-color: windowtext;border-right-width: 1px;padding: 0 7px"><p><span>&nbsp;</span></p><p><span style="font-family:宋体">《项目章程》</span></p></td><td width="95" valign="top" style="width: 95px;border-top-style: none;border-left-style: none;border-bottom-color: windowtext;border-bottom-width: 1px;border-right-color: windowtext;border-right-width: 1px;padding: 0 7px"><p style="text-align:center"><span>Sep &nbsp;29</span></p></td></tr><tr><td width="57" valign="top" style="width: 57px;border-top-style: none;border-left-style: none;border-bottom-color: windowtext;border-bottom-width: 1px;border-right-color: windowtext;border-right-width: 1px;padding: 0 7px"><p style="text-align:center"><span>4</span></p></td><td width="180" valign="top" style="width: 180px;border-top-style: none;border-left-style: none;border-bottom-color: windowtext;border-bottom-width: 1px;border-right-color: windowtext;border-right-width: 1px;padding: 0 7px"><p style="text-align:right"><span>UML summarize</span></p></td><td width="62" valign="top" style="width: 62px;border-top-style: none;border-left-style: none;border-bottom-color: windowtext;border-bottom-width: 1px;border-right-color: windowtext;border-right-width: 1px;padding: 0 7px"><p style="text-align:center"><span>&nbsp;</span></p></td><td width="175" valign="top" style="width: 175px;border-top-style: none;border-left-style: none;border-bottom-color: windowtext;border-bottom-width: 1px;border-right-color: windowtext;border-right-width: 1px;padding: 0 7px"><p><span style="font-family:宋体">《项目可行性报告》</span></p><p><span style="font-family:宋体">《项目总体计划》</span></p><p><span style="font-family:宋体;color:red">《需求工程计划</span><span style="color:red">-</span><span style="font-family:宋体;color:red">初步》</span></p></td><td width="95" valign="top" style="width: 95px;border-top-style: none;border-left-style: none;border-bottom-color: windowtext;border-bottom-width: 1px;border-right-color: windowtext;border-right-width: 1px;padding: 0 7px"><p style="text-align:center"><span>Oct &nbsp;12</span></p></td></tr><tr><td width="57" valign="top" style="width: 57px;border-top-style: none;border-left-style: none;border-bottom-color: windowtext;border-bottom-width: 1px;border-right-color: windowtext;border-right-width: 1px;padding: 0 7px"><p style="text-align:center"><span>5</span></p></td><td width="180" valign="top" style="width: 180px;border-top-style: none;border-left-style: none;border-bottom-color: windowtext;border-bottom-width: 1px;border-right-color: windowtext;border-right-width: 1px;padding: 0 7px"><p style="text-align:right"><span>UML tools: Rational Rose</span></p></td><td width="62" valign="top" style="width: 62px;border-top-style: none;border-left-style: none;border-bottom-color: windowtext;border-bottom-width: 1px;border-right-color: windowtext;border-right-width: 1px;padding: 0 7px"><p style="text-align:center"><span>&nbsp;</span></p></td><td width="175" valign="top" style="width: 175px;border-top-style: none;border-left-style: none;border-bottom-color: windowtext;border-bottom-width: 1px;border-right-color: windowtext;border-right-width: 1px;padding: 0 7px"><p><span>*</span><span style="font-family:宋体">《前景与范围》</span></p></td><td width="95" valign="top" style="width: 95px;border-top-style: none;border-left-style: none;border-bottom-color: windowtext;border-bottom-width: 1px;border-right-color: windowtext;border-right-width: 1px;padding: 0 7px"><p style="text-align:center"><span>Oct &nbsp;18</span></p></td></tr><tr><td width="57" valign="top" style="width: 57px;border-top-style: none;border-left-style: none;border-bottom-color: windowtext;border-bottom-width: 1px;border-right-color: windowtext;border-right-width: 1px;padding: 0 7px"><p style="text-align:center"><span>6</span></p></td><td width="180" valign="top" style="width: 180px;border-top-style: none;border-left-style: none;border-bottom-color: windowtext;border-bottom-width: 1px;border-right-color: windowtext;border-right-width: 1px;padding: 0 7px"><p style="text-align:right"><span>UML foundation 1</span></p></td><td width="62" valign="top" style="width: 62px;border-top-style: none;border-left-style: none;border-bottom-color: windowtext;border-bottom-width: 1px;border-right-color: windowtext;border-right-width: 1px;padding: 0 7px"><p style="text-align:center"><span>&nbsp;</span></p></td><td width="175" valign="top" style="width: 175px;border-top-style: none;border-left-style: none;border-bottom-color: windowtext;border-bottom-width: 1px;border-right-color: windowtext;border-right-width: 1px;padding: 0 7px"><p><span style="font-family:宋体">《质量保证计划》</span></p></td><td width="95" valign="top" style="width: 95px;border-top-style: none;border-left-style: none;border-bottom-color: windowtext;border-bottom-width: 1px;border-right-color: windowtext;border-right-width: 1px;padding: 0 7px"><p style="text-align:center"><span>Oct &nbsp;25</span></p></td></tr><tr><td width="57" valign="top" style="width: 57px;border-top-style: none;border-left-style: none;border-bottom-color: windowtext;border-bottom-width: 1px;border-right-color: windowtext;border-right-width: 1px;padding: 0 7px"><p style="text-align:center"><span>7</span></p></td><td width="180" valign="top" style="width: 180px;border-top-style: none;border-left-style: none;border-bottom-color: windowtext;border-bottom-width: 1px;border-right-color: windowtext;border-right-width: 1px;padding: 0 7px"><p style="text-align:right"><span>UML foundation 2</span></p></td><td width="62" valign="top" style="width: 62px;border-top-style: none;border-left-style: none;border-bottom-color: windowtext;border-bottom-width: 1px;border-right-color: windowtext;border-right-width: 1px;padding: 0 7px"><p style="text-align:center"><span>&nbsp;</span></p></td><td width="175" valign="top" style="width: 175px;border-top-style: none;border-left-style: none;border-bottom-color: windowtext;border-bottom-width: 1px;border-right-color: windowtext;border-right-width: 1px;padding: 0 7px"><p><span style="font-family:宋体;color:red">《需求工程计划》</span></p></td><td width="95" valign="top" style="width: 95px;border-top-style: none;border-left-style: none;border-bottom-color: windowtext;border-bottom-width: 1px;border-right-color: windowtext;border-right-width: 1px;padding: 0 7px"><p style="text-align:center"><span>Nov &nbsp;1</span></p></td></tr><tr><td width="57" valign="top" style="width: 57px;border-top-style: none;border-left-style: none;border-bottom-color: windowtext;border-bottom-width: 1px;border-right-color: windowtext;border-right-width: 1px;padding: 0 7px"><p style="text-align:center"><span>8</span></p></td><td width="180" valign="top" style="width: 180px;border-top-style: none;border-left-style: none;border-bottom-color: windowtext;border-bottom-width: 1px;border-right-color: windowtext;border-right-width: 1px;padding: 0 7px"><p><span>SRS acquisition</span></p></td><td width="62" valign="top" style="width: 62px;border-top-style: none;border-left-style: none;border-bottom-color: windowtext;border-bottom-width: 1px;border-right-color: windowtext;border-right-width: 1px;padding: 0 7px"><p style="text-align:center"><span>6,7</span></p></td><td width="175" valign="top" style="width: 175px;border-top-style: none;border-left-style: none;border-bottom-color: windowtext;border-bottom-width: 1px;border-right-color: windowtext;border-right-width: 1px;padding: 0 7px"><p><span>&nbsp;</span></p></td><td width="95" valign="top" style="width: 95px;border-top-style: none;border-left-style: none;border-bottom-color: windowtext;border-bottom-width: 1px;border-right-color: windowtext;border-right-width: 1px;padding: 0 7px"><p style="text-align:center"><span>&nbsp;</span></p></td></tr><tr><td width="57" valign="top" style="width: 57px;border-top-style: none;border-left-style: none;border-bottom-color: windowtext;border-bottom-width: 1px;border-right-color: windowtext;border-right-width: 1px;padding: 0 7px"><p style="text-align:center"><span style="font-family:宋体">考试周</span></p></td><td width="180" valign="top" style="width: 180px;border-top-style: none;border-left-style: none;border-bottom-color: windowtext;border-bottom-width: 1px;border-right-color: windowtext;border-right-width: 1px;padding: 0 7px"><p><span>&nbsp;</span></p></td><td width="62" valign="top" style="width: 62px;border-top-style: none;border-left-style: none;border-bottom-color: windowtext;border-bottom-width: 1px;border-right-color: windowtext;border-right-width: 1px;padding: 0 7px"><p style="text-align:center"><span>&nbsp;</span></p></td><td width="175" valign="top" style="width: 175px;border-top-style: none;border-left-style: none;border-bottom-color: windowtext;border-bottom-width: 1px;border-right-color: windowtext;border-right-width: 1px;padding: 0 7px"><p><span>* </span><span style="font-family:宋体">第</span><span>3</span><span style="font-family:宋体">至</span><span>8</span><span style="font-family:宋体">周小组例会纪要</span></p></td><td width="95" valign="top" style="width: 95px;border-top-style: none;border-left-style: none;border-bottom-color: windowtext;border-bottom-width: 1px;border-right-color: windowtext;border-right-width: 1px;padding: 0 7px"><p style="text-align:center"><span>Nov &nbsp;14</span></p></td></tr><tr><td width="47" rowspan="9" valign="top" style="width: 47px;border-right-color: windowtext;border-bottom-color: windowtext;border-left-color: windowtext;border-right-width: 1px;border-bottom-width: 1px;border-left-width: 1px;border-top-style: none;padding: 0 7px"><p style="text-align:center"><span style="font-family:宋体">冬</span></p><p style="text-align:center"><span style="font-family:宋体">学</span></p><p style="text-align:center"><span style="font-family:宋体">期</span></p></td><td width="57" valign="top" style="width: 57px;border-top-style: none;border-left-style: none;border-bottom-color: windowtext;border-bottom-width: 1px;border-right-color: windowtext;border-right-width: 1px;padding: 0 7px"><p style="text-align:center"><span>1</span></p></td><td width="180" valign="top" style="width: 180px;border-top-style: none;border-left-style: none;border-bottom-color: windowtext;border-bottom-width: 1px;border-right-color: windowtext;border-right-width: 1px;padding: 0 7px"><p><span>SRS analysis</span></p></td><td width="62" valign="top" style="width: 62px;border-top-style: none;border-left-style: none;border-bottom-color: windowtext;border-bottom-width: 1px;border-right-color: windowtext;border-right-width: 1px;padding: 0 7px"><p style="text-align:center"><span>8,9,14</span></p></td><td width="175" valign="top" style="width: 175px;border-top-style: none;border-left-style: none;border-bottom-color: windowtext;border-bottom-width: 1px;border-right-color: windowtext;border-right-width: 1px;padding: 0 7px"><p><span>&nbsp;</span></p></td><td width="95" valign="top" style="width: 95px;border-top-style: none;border-left-style: none;border-bottom-color: windowtext;border-bottom-width: 1px;border-right-color: windowtext;border-right-width: 1px;padding: 0 7px"><p style="text-align:center"><span>&nbsp;</span></p></td></tr><tr><td width="57" valign="top" style="width: 57px;border-top-style: none;border-left-style: none;border-bottom-color: windowtext;border-bottom-width: 1px;border-right-color: windowtext;border-right-width: 1px;padding: 0 7px"><p style="text-align:center"><span>2</span></p></td><td width="180" valign="top" style="width: 180px;border-top-style: none;border-left-style: none;border-bottom-color: windowtext;border-bottom-width: 1px;border-right-color: windowtext;border-right-width: 1px;padding: 0 7px"><p><span>SRS specification &amp; &nbsp;definition</span></p></td><td width="62" valign="top" style="width: 62px;border-top-style: none;border-left-style: none;border-bottom-color: windowtext;border-bottom-width: 1px;border-right-color: windowtext;border-right-width: 1px;padding: 0 7px"><p style="text-align:center"><span>10,11,(12)</span></p></td><td width="175" valign="top" style="width: 175px;border-top-style: none;border-left-style: none;border-bottom-color: windowtext;border-bottom-width: 1px;border-right-color: windowtext;border-right-width: 1px;padding: 0 7px"><p><span>&nbsp;</span></p></td><td width="95" valign="top" style="width: 95px;border-top-style: none;border-left-style: none;border-bottom-color: windowtext;border-bottom-width: 1px;border-right-color: windowtext;border-right-width: 1px;padding: 0 7px"><p style="text-align:center"><span>&nbsp;</span></p></td></tr><tr><td width="57" valign="top" style="width: 57px;border-top-style: none;border-left-style: none;border-bottom-color: windowtext;border-bottom-width: 1px;border-right-color: windowtext;border-right-width: 1px;padding: 0 7px"><p style="text-align:center"><span>3</span></p></td><td width="180" valign="top" style="width: 180px;border-top-style: none;border-left-style: none;border-bottom-color: windowtext;border-bottom-width: 1px;border-right-color: windowtext;border-right-width: 1px;padding: 0 7px"><p><span>SRS verification &amp; &nbsp;validation</span></p></td><td width="62" valign="top" style="width: 62px;border-top-style: none;border-left-style: none;border-bottom-color: windowtext;border-bottom-width: 1px;border-right-color: windowtext;border-right-width: 1px;padding: 0 7px"><p style="text-align:center"><span>15,(16,17)</span></p></td><td width="175" valign="top" style="width: 175px;border-top-style: none;border-left-style: none;border-bottom-color: windowtext;border-bottom-width: 1px;border-right-color: windowtext;border-right-width: 1px;padding: 0 7px"><p><span style="font-family:宋体;color:red">《软件需求规格说明书》</span></p></td><td width="95" valign="top" style="width: 95px;border-top-style: none;border-left-style: none;border-bottom-color: windowtext;border-bottom-width: 1px;border-right-color: windowtext;border-right-width: 1px;padding: 0 7px"><p style="text-align:center"><span>Dec &nbsp;6</span></p></td></tr><tr><td width="57" valign="top" style="width: 57px;border-top-style: none;border-left-style: none;border-bottom-color: windowtext;border-bottom-width: 1px;border-right-color: windowtext;border-right-width: 1px;padding: 0 7px"><p style="text-align:center"><span>4</span></p></td><td width="180" valign="top" style="width: 180px;border-top-style: none;border-left-style: none;border-bottom-color: windowtext;border-bottom-width: 1px;border-right-color: windowtext;border-right-width: 1px;padding: 0 7px"><p style="text-align:right"><span>UML foundation 3</span></p></td><td width="62" valign="top" style="width: 62px;border-top-style: none;border-left-style: none;border-bottom-color: windowtext;border-bottom-width: 1px;border-right-color: windowtext;border-right-width: 1px;padding: 0 7px"><p style="text-align:center"><span>&nbsp;</span></p></td><td width="175" valign="top" style="width: 175px;border-top-style: none;border-left-style: none;border-bottom-color: windowtext;border-bottom-width: 1px;border-right-color: windowtext;border-right-width: 1px;padding: 0 7px"><p><span style="color:blue">*</span><span style="font-family:宋体;color:blue">《系统设计计划》</span></p><p><span>*</span><span style="font-family:宋体">《需求变更控制会规程》</span></p></td><td width="95" valign="top" style="width: 95px;border-top-style: none;border-left-style: none;border-bottom-color: windowtext;border-bottom-width: 1px;border-right-color: windowtext;border-right-width: 1px;padding: 0 7px"><p style="text-align:center"><span>Dec &nbsp;13</span></p></td></tr><tr><td width="57" valign="top" style="width: 57px;border-top-style: none;border-left-style: none;border-bottom-color: windowtext;border-bottom-width: 1px;border-right-color: windowtext;border-right-width: 1px;padding: 0 7px"><p style="text-align:center"><span>5</span></p></td><td width="180" valign="top" style="width: 180px;border-top-style: none;border-left-style: none;border-bottom-color: windowtext;border-bottom-width: 1px;border-right-color: windowtext;border-right-width: 1px;padding: 0 7px"><p style="text-align:right"><span>UML foundation 4</span></p></td><td width="62" valign="top" style="width: 62px;border-top-style: none;border-left-style: none;border-bottom-color: windowtext;border-bottom-width: 1px;border-right-color: windowtext;border-right-width: 1px;padding: 0 7px"><p style="text-align:center"><span>&nbsp;</span></p></td><td width="175" valign="top" style="width: 175px;border-top-style: none;border-left-style: none;border-bottom-color: windowtext;border-bottom-width: 1px;border-right-color: windowtext;border-right-width: 1px;padding: 0 7px"><p><span style="color:blue">*</span><span style="font-family:宋体;color:blue">《系统编码与实现计划》</span></p><p><span style="color:blue">*</span><span style="font-family:宋体;color:blue">《测试计划》</span></p></td><td width="95" valign="top" style="width: 95px;border-top-style: none;border-left-style: none;border-bottom-color: windowtext;border-bottom-width: 1px;border-right-color: windowtext;border-right-width: 1px;padding: 0 7px"><p style="text-align:center"><span>Dec &nbsp;20</span></p></td></tr><tr><td width="57" valign="top" style="width: 57px;border-top-style: none;border-left-style: none;border-bottom-color: windowtext;border-bottom-width: 1px;border-right-color: windowtext;border-right-width: 1px;padding: 0 7px"><p style="text-align:center"><span>6</span></p></td><td width="180" valign="top" style="width: 180px;border-top-style: none;border-left-style: none;border-bottom-color: windowtext;border-bottom-width: 1px;border-right-color: windowtext;border-right-width: 1px;padding: 0 7px"><p><span>SRS management</span></p></td><td width="62" valign="top" style="width: 62px;border-top-style: none;border-left-style: none;border-bottom-color: windowtext;border-bottom-width: 1px;border-right-color: windowtext;border-right-width: 1px;padding: 0 7px"><p style="text-align:center"><span>18,19,20,21</span></p></td><td width="175" valign="top" style="width: 175px;border-top-style: none;border-left-style: none;border-bottom-color: windowtext;border-bottom-width: 1px;border-right-color: windowtext;border-right-width: 1px;padding: 0 7px"><p><span style="font-family:宋体;color:red">《需求变更控制文档》</span></p><p><span style="color:blue">*</span><span style="font-family:宋体;color:blue">《用户手册》</span></p></td><td width="95" valign="top" style="width: 95px;border-top-style: none;border-left-style: none;border-bottom-color: windowtext;border-bottom-width: 1px;border-right-color: windowtext;border-right-width: 1px;padding: 0 7px"><p style="text-align:center"><span>Dec &nbsp;27</span></p></td></tr><tr><td width="57" valign="top" style="width: 57px;border-top-style: none;border-left-style: none;border-bottom-color: windowtext;border-bottom-width: 1px;border-right-color: windowtext;border-right-width: 1px;padding: 0 7px"><p style="text-align:center"><span>7</span></p></td><td width="180" valign="top" style="width: 180px;border-top-style: none;border-left-style: none;border-bottom-color: windowtext;border-bottom-width: 1px;border-right-color: windowtext;border-right-width: 1px;padding: 0 7px"><p style="text-align:right"><span>UML &amp; design pattern</span></p></td><td width="62" valign="top" style="width: 62px;border-top-style: none;border-left-style: none;border-bottom-color: windowtext;border-bottom-width: 1px;border-right-color: windowtext;border-right-width: 1px;padding: 0 7px"><p style="text-align:center"><span style="color:red">&nbsp;</span></p></td><td width="175" valign="top" style="width: 175px;border-top-style: none;border-left-style: none;border-bottom-color: windowtext;border-bottom-width: 1px;border-right-color: windowtext;border-right-width: 1px;padding: 0 7px"><p><span style="font-family:宋体;color:red">《软件概要设计说明》</span></p><p><span style="color:blue">*</span><span style="font-family:宋体;color:blue">《工程部署计划》</span></p><p><span style="color:blue">*</span><span style="font-family:宋体;color:blue">《培训计划》</span></p><p><span style="color:blue">*</span><span style="font-family:宋体;color:blue">《系统维护计划》</span></p><p><span style="font-family:宋体">《项目总结报告》</span></p></td><td width="95" valign="top" style="width: 95px;border-top-style: none;border-left-style: none;border-bottom-color: windowtext;border-bottom-width: 1px;border-right-color: windowtext;border-right-width: 1px;padding: 0 7px"><p style="text-align:center"><span>Jan &nbsp;3</span></p></td></tr><tr><td width="57" valign="top" style="width: 57px;border-top-style: none;border-left-style: none;border-bottom-color: windowtext;border-bottom-width: 1px;border-right-color: windowtext;border-right-width: 1px;padding: 0 7px"><p style="text-align:center"><span>8</span></p></td><td width="180" valign="top" style="width: 180px;border-top-style: none;border-left-style: none;border-bottom-color: windowtext;border-bottom-width: 1px;border-right-color: windowtext;border-right-width: 1px;padding: 0 7px"><p><span style="font-family:宋体">答辩与评价；经验交流</span></p></td><td width="62" valign="top" style="width: 62px;border-top-style: none;border-left-style: none;border-bottom-color: windowtext;border-bottom-width: 1px;border-right-color: windowtext;border-right-width: 1px;padding: 0 7px"><p style="text-align:center"><span>&nbsp;</span></p></td><td width="175" valign="top" style="width: 175px;border-top-style: none;border-left-style: none;border-bottom-color: windowtext;border-bottom-width: 1px;border-right-color: windowtext;border-right-width: 1px;padding: 0 7px"><p><span>* </span><span style="font-family:宋体">全部小组例会纪要</span></p></td><td width="95" valign="top" style="width: 95px;border-top-style: none;border-left-style: none;border-bottom-color: windowtext;border-bottom-width: 1px;border-right-color: windowtext;border-right-width: 1px;padding: 0 7px"><p style="text-align:center"><span>Jan &nbsp;10</span></p></td></tr><tr><td width="57" valign="top" style="width: 57px;border-top-style: none;border-left-style: none;border-bottom-color: windowtext;border-bottom-width: 1px;border-right-color: windowtext;border-right-width: 1px;padding: 0 7px"><p style="text-align:center"><span style="font-family:宋体">考试周</span></p></td><td width="180" valign="top" style="width: 180px;border-top-style: none;border-left-style: none;border-bottom-color: windowtext;border-bottom-width: 1px;border-right-color: windowtext;border-right-width: 1px;padding: 0 7px"><p><span>&nbsp;</span></p></td><td width="62" valign="top" style="width: 62px;border-top-style: none;border-left-style: none;border-bottom-color: windowtext;border-bottom-width: 1px;border-right-color: windowtext;border-right-width: 1px;padding: 0 7px"><p style="text-align:center"><span>&nbsp;</span></p></td><td width="175" valign="top" style="width: 175px;border-top-style: none;border-left-style: none;border-bottom-color: windowtext;border-bottom-width: 1px;border-right-color: windowtext;border-right-width: 1px;padding: 0 7px"><p><span>&nbsp;</span></p></td><td width="95" valign="top" style="width: 95px;border-top-style: none;border-left-style: none;border-bottom-color: windowtext;border-bottom-width: 1px;border-right-color: windowtext;border-right-width: 1px;padding: 0 7px"><p style="text-align:center"><span>&nbsp;</span></p></td></tr></tbody></table><p><span>&nbsp;</span></p><p><span style="font-family:宋体">说明：</span></p><p style="margin-left:28px"><span>1.<span style="font-size: 9px;line-height: normal;font-family: &#39;Times New Roman&#39;">&nbsp;&nbsp;&nbsp;&nbsp;&nbsp;&nbsp;&nbsp;&nbsp;</span></span><span style="font-family:宋体">秋学期第</span><span>3</span><span style="font-family:宋体">周至冬学期第</span><span>3</span><span style="font-family:宋体">周大致为需求开发阶段；冬学期第</span><span>4</span><span style="font-family:宋体">至</span><span>7</span><span style="font-family:宋体">周大致为需求维护管理阶段。</span></p><p style="margin-left:28px"><span>2.<span style="font-size: 9px;line-height: normal;font-family: &#39;Times New Roman&#39;">&nbsp;&nbsp;&nbsp;&nbsp;&nbsp;&nbsp;&nbsp;&nbsp;</span></span><span style="font-family:宋体">上表体现了课程教学小组对本课程的安排。每个小组应按照自身对项目的理解，自行独立制定项目计划。上表中的“项目任务（及里程碑）”及“截止日期”两列，仅作为各小组制定工作计划的时间框架参考，不代表最佳安排或者合理安排。</span></p><p style="margin-left:56px"><span style="font-family:Wingdings">l<span style="font-size: 9px;line-height: normal;font-family: &#39;Times New Roman&#39;">&nbsp; </span></span><span style="font-family:宋体">红色表示的文档（及其截止日期）应该在各项目小组的计划中，且具体安排完成时间不得迟于上表给出的指导性时间。若推迟提交，则每推迟一周扣该文档满分的</span><span>10% </span><span style="font-family:宋体">——</span><span style="font-family:宋体">“可提早，不可推迟”。</span></p><p style="margin-left:56px"><span style="font-family:Wingdings">l<span style="font-size: 9px;line-height: normal;font-family: &#39;Times New Roman&#39;">&nbsp; </span></span><span style="font-family:宋体">不带星号（</span><span>*</span><span style="font-family:宋体">）的文档必须完成并提交，带星号（</span><span>*</span><span style="font-family:宋体">）的表示选做。</span></p><p style="margin-left:28px"><span>3.<span style="font-size: 9px;line-height: normal;font-family: &#39;Times New Roman&#39;">&nbsp;&nbsp;&nbsp;&nbsp;&nbsp;&nbsp;&nbsp;&nbsp;</span></span><span style="font-family:宋体">各小组每周（至少）一次例会，有正式的例会纪要，简述刚过去的一周的进展和下一两周的计划。</span></p><p><br/></p>', '<p><span style="font-family:宋体">《软件需求》第</span><span>2</span><span style="font-family:宋体">版，</span><span>[</span><span style="font-family:宋体">美</span><span>] Karl E. Wiegers </span><span style="font-family:宋体">著，刘伟琴、刘洪涛</span><span style="font-family:宋体">译，</span><span>2004</span><span style="font-family:宋体">年</span><span>11</span><span style="font-family:宋体">月第</span><span>1</span><span style="font-family:宋体">版，清华大学出版社。</span></p><p><span style="font-family:宋体">《软件需求》，</span><span>[</span><span style="font-family:宋体">美</span><span>] Karl E. Wiegers </span><span style="font-family:宋体">著，陆丽娜、王忠民、王志敏</span><span style="font-family:宋体">译，</span><span>2002</span><span style="font-family:宋体">年</span><span>7</span><span style="font-family:宋体">月第</span><span>1</span><span style="font-family:宋体">版，机械工业出版社。</span></p><p><span style="font-family:宋体">《统一软件开发过程》，</span><span>[</span><span style="font-family:宋体">美</span><span>] Ivar Jacobson, Grady Booch, James Rambaugh </span><span style="font-family:宋体">著，周伯生、冯学民、樊东平</span> <span style="font-family:宋体">译，</span><span>2002</span><span style="font-family:宋体">年</span><span>1</span><span style="font-family:宋体">月第</span><span>1</span><span style="font-family:宋体">版，机械工业出版社。</span></p><p><span style="font-family:宋体">《软件需求管理</span><span>-</span><span style="font-family:宋体">统一方法》，</span><span>[</span><span style="font-family:宋体">美</span><span>] Dean Leffingwell Don Widrig </span><span style="font-family:宋体">著，蒋慧、林东</span> <span style="font-family:宋体">译，</span><span>2003</span><span style="font-family:宋体">年第</span><span>1</span><span style="font-family:宋体">版，机械工业出版社。</span></p><p><span style="font-family:宋体">《面向对象技术</span><span>UML</span><span style="font-family:宋体">教程》，王少锋</span><span style="font-family:宋体">编著，清华大学出版社。</span></p><p><span style="font-family:宋体">《面向对象设计</span><span>UML</span><span style="font-family:宋体">实践》，</span><span>Mark Priestley</span><span style="font-family:宋体">著，龚晓庆、卞雷等译，王少锋审，清华大学出版社。</span></p><p><span style="font-family:宋体">《</span><span>Practical Object-oriented Design with UML</span><span style="font-family:宋体">》</span><span> 2th Edition</span><span style="font-family:宋体">，</span><span>Markpriestley</span><span style="font-family:宋体">，清华大学出版社。</span></p><p><span style="font-family:宋体">《</span><span>UML</span><span style="font-family:宋体">用户指南》第</span><span>2</span><span style="font-family:宋体">版，</span><span>Grady Booch </span><span style="font-family:宋体">等著，邵维忠、麻志毅、马浩海、刘辉</span><span style="font-family:宋体">译，人民邮电出版社。</span></p><p><span style="font-family:宋体">《</span><span>UML</span><span style="font-family:宋体">与</span><span>Rational Rose2002</span><span style="font-family:宋体">从入门到精通》，</span><span>Wendy Boggs</span><span style="font-family:宋体">等著，邱促潘等译，电子工业出版社。</span></p><p><br/></p>');

-- --------------------------------------------------------

--
-- 表的结构 `student`
--

CREATE TABLE IF NOT EXISTS `student` (
  `userid` varchar(20) NOT NULL,
  `course` int(11) NOT NULL,
  `class` int(11) NOT NULL,
  `team` int(11) DEFAULT NULL,
  PRIMARY KEY (`userid`,`course`)
) ENGINE=InnoDB DEFAULT CHARSET=utf8;

--
-- 转存表中的数据 `student`
--

INSERT INTO `student` (`userid`, `course`, `class`, `team`) VALUES
('student', 1, 1, NULL),
('student', 2, 1, 4);

-- --------------------------------------------------------

--
-- 表的结构 `teacher`
--

CREATE TABLE IF NOT EXISTS `teacher` (
  `id` int(11) NOT NULL AUTO_INCREMENT,
  `userid` varchar(20) DEFAULT NULL,
  `course` int(11) NOT NULL,
  `class` int(11) NOT NULL,
  PRIMARY KEY (`id`)
) ENGINE=InnoDB  DEFAULT CHARSET=utf8 AUTO_INCREMENT=6 ;

--
-- 转存表中的数据 `teacher`
--

INSERT INTO `teacher` (`id`, `userid`, `course`, `class`) VALUES
(1, 'teacher', 1, 1),
(2, 'teacher', 1, 2),
(3, 'teacher', 2, 1),
(4, 'ta', 1, 1),
(5, 'ta', 1, 2);

-- --------------------------------------------------------

--
-- 表的结构 `tinfo`
--

CREATE TABLE IF NOT EXISTS `tinfo` (
  `course` int(8) NOT NULL,
  `info` text COLLATE utf8_unicode_ci NOT NULL,
  PRIMARY KEY (`course`),
  UNIQUE KEY `course` (`course`)
) ENGINE=InnoDB DEFAULT CHARSET=utf8 COLLATE=utf8_unicode_ci;

--
-- 转存表中的数据 `tinfo`
--

INSERT INTO `tinfo` (`course`, `info`) VALUES
(1, '<p><span style=";font-family:宋体"><img src="http://localhost/sestudy/resource/ueditor/php/upload/20131205/13862191377540.png" _src="http://localhost/sestudy/resource/ueditor/php/upload/20131205/13862191377540.png" width="120" height="150"/></span></p><p><span style="background-color: rgb(255, 255, 255);"><span style="font-family: 宋体;">姓名：邢卫（</span>Xing Wei<span style="font-family: 宋体;">）</span></span></p><p><span style="background-color: rgb(255, 255, 255);"><span style=";font-family:宋体">职称：</span><span>PhD,Associate Prof.</span></span></p><p><span style="background-color: rgb(255, 255, 255);"><span style="font-family: 宋体;">电话：</span>13958030163</span></p><p><span>Email</span><span style=";font-family:宋体">：</span><span><a href="http://mailto:wxing@zju.edu.cn">wxing@zju.edu.cn</a></span></p><p><span style=";font-family:宋体">个人简历：</span></p><p style="margin-left:28px"><span>1985</span><span style=";font-family:宋体">年</span><span>9</span><span style=";font-family:宋体">月至</span><span>1989</span><span style=";font-family:宋体">年</span><span>7</span><span style=";font-family:宋体">月，浙江大学计算机系，本科生</span></p><p style="margin-left:28px"><span>1989</span><span style=";font-family:宋体">年</span><span>9</span><span style=";font-family:宋体">月至</span><span>1992</span><span style=";font-family:宋体">年</span><span>3</span><span style=";font-family:宋体">月，浙江大学计算机系，硬士研究生</span></p><p style="margin-left:28px"><span>1992</span><span style=";font-family:宋体">年</span><span>4</span><span style=";font-family:宋体">月至</span><span>2002</span><span style=";font-family:宋体">年</span><span>6</span><span style=";font-family:宋体">月，浙江大学信．息学院控制系，讲师，副教授</span></p><p style="margin-left:28px"><span>2002</span><span style=";font-family:宋体">年</span><span>6</span><span style=";font-family:宋体">月至现在，浙江大学计算机学院，副教授</span></p><p style="margin-left:28px"><span>2004</span><span style=";font-family:宋体">年</span><span>9</span><span style=";font-family:宋体">月至现在，浙江大学计算机学院，博士研究生</span></p><p><span style=";font-family:宋体">研究领域与方向：</span></p><p style="text-indent:28px"><span style=";font-family:宋体">计算机网络技术及应用、电子政务模型及应用</span></p><p><span>&nbsp;</span></p><p><span>&nbsp;</span></p><p><span>&nbsp;<img src="http://localhost/sestudy/resource/ueditor/php/upload/20131205/13862192477780.png" _src="http://localhost/sestudy/resource/ueditor/php/upload/20131205/13862192477780.png" width="120" height="166"/></span></p><p><span style=";font-family:宋体">姓名：胡天磊（</span><span>HuTian-lei</span><span style=";font-family:宋体">）</span></p><p><span style=";font-family:宋体">职称：</span><span>PhD,Associate Prof.</span></p><p><span style=";font-family:宋体">电话：</span><span>13958091761</span></p><p><span>Email</span><span style=";font-family:宋体">：</span><span><a href="http://htl@zju.edu.cn" target="_self">htl@zju.edu.cn</a></span></p><p><span style=";font-family:宋体">个人简历：</span></p><p><span>&nbsp;</span></p><p><span style=";font-family:宋体">研究领域与方向：</span> </p><p><span>&nbsp;</span></p><p><span>&nbsp;</span></p><p><span>&nbsp;<img src="http://localhost/sestudy/resource/ueditor/php/upload/20131205/13862192587486.jpg" _src="http://localhost/sestudy/resource/ueditor/php/upload/20131205/13862192587486.jpg" width="120" height="159"/></span></p><p><span style=";font-family:宋体">姓名：刘玉生（</span><span>Liu Yu-sheng</span><span style=";font-family:宋体">）</span></p><p><span style=";font-family:宋体">职称：</span><span>PhD,Associate Prof.</span></p><p><span style=";font-family:宋体">电话：</span><span>13093781234</span></p><p><span>Email</span><span style=";font-family:宋体">：</span><span><a href="http://ysliu@cad.zju.edu.cn" target="_self">ysliu@cad.zju.edu.cn</a></span></p><p><span style=";font-family:宋体">个人简历：</span></p><p style="margin-left:28px"><span></span></p><p style="margin-left:28px"><span>Born inLiling, Hunan, China, 1970.</span></p><p style="margin-left:28px"><span>B.S. ChineseUniversity of Mining and Tech,1992.</span></p><p style="margin-left:28px"><span>M.S. ZhejiangUniversity, 1995.</span></p><p style="margin-left:28px"><span>Ph.D. Zhejiang University, 2000.</span></p><p><span style=";font-family:宋体">研究领域与方向：</span> </p><p style="margin-left:28px"><span>Model-drivenEngineering Design; Model-based Systems Engineering (MBSE)</span></p><p style="margin-left:28px"><span>Multi-disciplinaryMechatronic System Modeling, Design and Simulation</span></p><p style="margin-left:28px"><span>CAD/CAE/CAMIntegration &amp; Virtual Prototyping</span></p><p style="margin-left:28px"><span>3D ModelRetrieval &amp; Knowledge Reuse</span></p><p><br/></p>'),
(2, '<p><span style=";font-family:宋体"><img src="http://localhost/sestudy/resource/ueditor/php/upload/20131205/13862191377540.png" _src="http://localhost/sestudy/resource/ueditor/php/upload/20131205/13862191377540.png" width="120" height="150"/></span></p><p><span style="background-color: rgb(255, 255, 255);"><span style="font-family: 宋体;">姓名：邢卫（</span>Xing Wei<span style="font-family: 宋体;">）</span></span></p><p><span style="background-color: rgb(255, 255, 255);"><span style=";font-family:宋体">职称：</span><span>PhD,Associate Prof.</span></span></p><p><span style="background-color: rgb(255, 255, 255);"><span style="font-family: 宋体;">电话：</span>13958030163</span></p><p><span>Email</span><span style=";font-family:宋体">：</span><span><a href="http://mailto:wxing@zju.edu.cn">wxing@zju.edu.cn</a></span></p><p><span style=";font-family:宋体">个人简历：</span></p><p style="margin-left:28px"><span>1985</span><span style=";font-family:宋体">年</span><span>9</span><span style=";font-family:宋体">月至</span><span>1989</span><span style=";font-family:宋体">年</span><span>7</span><span style=";font-family:宋体">月，浙江大学计算机系，本科生</span></p><p style="margin-left:28px"><span>1989</span><span style=";font-family:宋体">年</span><span>9</span><span style=";font-family:宋体">月至</span><span>1992</span><span style=";font-family:宋体">年</span><span>3</span><span style=";font-family:宋体">月，浙江大学计算机系，硬士研究生</span></p><p style="margin-left:28px"><span>1992</span><span style=";font-family:宋体">年</span><span>4</span><span style=";font-family:宋体">月至</span><span>2002</span><span style=";font-family:宋体">年</span><span>6</span><span style=";font-family:宋体">月，浙江大学信．息学院控制系，讲师，副教授</span></p><p style="margin-left:28px"><span>2002</span><span style=";font-family:宋体">年</span><span>6</span><span style=";font-family:宋体">月至现在，浙江大学计算机学院，副教授</span></p><p style="margin-left:28px"><span>2004</span><span style=";font-family:宋体">年</span><span>9</span><span style=";font-family:宋体">月至现在，浙江大学计算机学院，博士研究生</span></p><p><span style=";font-family:宋体">研究领域与方向：</span></p><p style="text-indent:28px"><span style=";font-family:宋体">计算机网络技术及应用、电子政务模型及应用</span></p><p><span>&nbsp;</span></p><p><span>&nbsp;</span></p><p><span>&nbsp;<img src="http://localhost/sestudy/resource/ueditor/php/upload/20131205/13862192477780.png" _src="http://localhost/sestudy/resource/ueditor/php/upload/20131205/13862192477780.png" width="120" height="166"/></span></p><p><span style=";font-family:宋体">姓名：胡天磊（</span><span>HuTian-lei</span><span style=";font-family:宋体">）</span></p><p><span style=";font-family:宋体">职称：</span><span>PhD,Associate Prof.</span></p><p><span style=";font-family:宋体">电话：</span><span>13958091761</span></p><p><span>Email</span><span style=";font-family:宋体">：</span><span><a href="http://htl@zju.edu.cn" target="_self">htl@zju.edu.cn</a></span></p><p><span style=";font-family:宋体">个人简历：</span></p><p><span>&nbsp;</span></p><p><span style=";font-family:宋体">研究领域与方向：</span> </p><p><span>&nbsp;</span></p><p><span>&nbsp;</span></p><p><span>&nbsp;<img src="http://localhost/sestudy/resource/ueditor/php/upload/20131205/13862192587486.jpg" _src="http://localhost/sestudy/resource/ueditor/php/upload/20131205/13862192587486.jpg" width="120" height="159"/></span></p><p><span style=";font-family:宋体">姓名：刘玉生（</span><span>Liu Yu-sheng</span><span style=";font-family:宋体">）</span></p><p><span style=";font-family:宋体">职称：</span><span>PhD,Associate Prof.</span></p><p><span style=";font-family:宋体">电话：</span><span>13093781234</span></p><p><span>Email</span><span style=";font-family:宋体">：</span><span><a href="http://ysliu@cad.zju.edu.cn" target="_self">ysliu@cad.zju.edu.cn</a></span></p><p><span style=";font-family:宋体">个人简历：</span></p><p style="margin-left:28px"><span></span></p><p style="margin-left:28px"><span>Born inLiling, Hunan, China, 1970.</span></p><p style="margin-left:28px"><span>B.S. ChineseUniversity of Mining and Tech,1992.</span></p><p style="margin-left:28px"><span>M.S. ZhejiangUniversity, 1995.</span></p><p style="margin-left:28px"><span>Ph.D. Zhejiang University, 2000.</span></p><p><span style=";font-family:宋体">研究领域与方向：</span> </p><p style="margin-left:28px"><span>Model-drivenEngineering Design; Model-based Systems Engineering (MBSE)</span></p><p style="margin-left:28px"><span>Multi-disciplinaryMechatronic System Modeling, Design and Simulation</span></p><p style="margin-left:28px"><span>CAD/CAE/CAMIntegration &amp; Virtual Prototyping</span></p><p style="margin-left:28px"><span>3D ModelRetrieval &amp; Knowledge Reuse</span></p><p><br/></p>'),
(3, '<p><span style=";font-family:宋体"><img src="http://localhost/sestudy/resource/ueditor/php/upload/20131205/13862191377540.png" _src="http://localhost/sestudy/resource/ueditor/php/upload/20131205/13862191377540.png" width="120" height="150"/></span></p><p><span style="background-color: rgb(255, 255, 255);"><span style="font-family: 宋体;">姓名：邢卫（</span>Xing Wei<span style="font-family: 宋体;">）</span></span></p><p><span style="background-color: rgb(255, 255, 255);"><span style=";font-family:宋体">职称：</span><span>PhD,Associate Prof.</span></span></p><p><span style="background-color: rgb(255, 255, 255);"><span style="font-family: 宋体;">电话：</span>13958030163</span></p><p><span>Email</span><span style=";font-family:宋体">：</span><span><a href="http://mailto:wxing@zju.edu.cn">wxing@zju.edu.cn</a></span></p><p><span style=";font-family:宋体">个人简历：</span></p><p style="margin-left:28px"><span>1985</span><span style=";font-family:宋体">年</span><span>9</span><span style=";font-family:宋体">月至</span><span>1989</span><span style=";font-family:宋体">年</span><span>7</span><span style=";font-family:宋体">月，浙江大学计算机系，本科生</span></p><p style="margin-left:28px"><span>1989</span><span style=";font-family:宋体">年</span><span>9</span><span style=";font-family:宋体">月至</span><span>1992</span><span style=";font-family:宋体">年</span><span>3</span><span style=";font-family:宋体">月，浙江大学计算机系，硬士研究生</span></p><p style="margin-left:28px"><span>1992</span><span style=";font-family:宋体">年</span><span>4</span><span style=";font-family:宋体">月至</span><span>2002</span><span style=";font-family:宋体">年</span><span>6</span><span style=";font-family:宋体">月，浙江大学信．息学院控制系，讲师，副教授</span></p><p style="margin-left:28px"><span>2002</span><span style=";font-family:宋体">年</span><span>6</span><span style=";font-family:宋体">月至现在，浙江大学计算机学院，副教授</span></p><p style="margin-left:28px"><span>2004</span><span style=";font-family:宋体">年</span><span>9</span><span style=";font-family:宋体">月至现在，浙江大学计算机学院，博士研究生</span></p><p><span style=";font-family:宋体">研究领域与方向：</span></p><p style="text-indent:28px"><span style=";font-family:宋体">计算机网络技术及应用、电子政务模型及应用</span></p><p><span>&nbsp;</span></p><p><span>&nbsp;</span></p><p><span>&nbsp;<img src="http://localhost/sestudy/resource/ueditor/php/upload/20131205/13862192477780.png" _src="http://localhost/sestudy/resource/ueditor/php/upload/20131205/13862192477780.png" width="120" height="166"/></span></p><p><span style=";font-family:宋体">姓名：胡天磊（</span><span>HuTian-lei</span><span style=";font-family:宋体">）</span></p><p><span style=";font-family:宋体">职称：</span><span>PhD,Associate Prof.</span></p><p><span style=";font-family:宋体">电话：</span><span>13958091761</span></p><p><span>Email</span><span style=";font-family:宋体">：</span><span><a href="http://htl@zju.edu.cn" target="_self">htl@zju.edu.cn</a></span></p><p><span style=";font-family:宋体">个人简历：</span></p><p><span>&nbsp;</span></p><p><span style=";font-family:宋体">研究领域与方向：</span> </p><p><span>&nbsp;</span></p><p><span>&nbsp;</span></p><p><span>&nbsp;<img src="http://localhost/sestudy/resource/ueditor/php/upload/20131205/13862192587486.jpg" _src="http://localhost/sestudy/resource/ueditor/php/upload/20131205/13862192587486.jpg" width="120" height="159"/></span></p><p><span style=";font-family:宋体">姓名：刘玉生（</span><span>Liu Yu-sheng</span><span style=";font-family:宋体">）</span></p><p><span style=";font-family:宋体">职称：</span><span>PhD,Associate Prof.</span></p><p><span style=";font-family:宋体">电话：</span><span>13093781234</span></p><p><span>Email</span><span style=";font-family:宋体">：</span><span><a href="http://ysliu@cad.zju.edu.cn" target="_self">ysliu@cad.zju.edu.cn</a></span></p><p><span style=";font-family:宋体">个人简历：</span></p><p style="margin-left:28px"><span></span></p><p style="margin-left:28px"><span>Born inLiling, Hunan, China, 1970.</span></p><p style="margin-left:28px"><span>B.S. ChineseUniversity of Mining and Tech,1992.</span></p><p style="margin-left:28px"><span>M.S. ZhejiangUniversity, 1995.</span></p><p style="margin-left:28px"><span>Ph.D. Zhejiang University, 2000.</span></p><p><span style=";font-family:宋体">研究领域与方向：</span> </p><p style="margin-left:28px"><span>Model-drivenEngineering Design; Model-based Systems Engineering (MBSE)</span></p><p style="margin-left:28px"><span>Multi-disciplinaryMechatronic System Modeling, Design and Simulation</span></p><p style="margin-left:28px"><span>CAD/CAE/CAMIntegration &amp; Virtual Prototyping</span></p><p style="margin-left:28px"><span>3D ModelRetrieval &amp; Knowledge Reuse</span></p><p><br/></p>');

-- --------------------------------------------------------

--
-- 表的结构 `topic`
--

CREATE TABLE IF NOT EXISTS `topic` (
  `topic_id` int(8) NOT NULL AUTO_INCREMENT,
  `author_id` varchar(20) DEFAULT NULL,
  `class_id` int(8) DEFAULT NULL,
  `group_id` int(8) DEFAULT NULL,
  `number_of_comment` int(4) DEFAULT NULL,
  `time` int(16) DEFAULT NULL,
  `content` text,
  PRIMARY KEY (`topic_id`)
) ENGINE=InnoDB  DEFAULT CHARSET=utf8 AUTO_INCREMENT=10 ;

--
-- 转存表中的数据 `topic`
--

INSERT INTO `topic` (`topic_id`, `author_id`, `class_id`, `group_id`, `number_of_comment`, `time`, `content`) VALUES
(1, 'abc', 1, 1, 5, 100, 'cdadsofjadosjf'),
(2, 'student', 1, 1, 2, 1385691212, 'sad'),
(3, 'student', 1, 1, 2, 1385691761, 'asdfads'),
(4, 'student', 1, 1, 2, 1385691861, 'asdfads'),
(5, 'student', 1, 1, 1, 1385691934, 'asdfads'),
(6, 'student', 1, 1, 0, 1385691942, 'aaaaaaaaaaa'),
(7, 'student', 1, 1, 0, 1385693394, 'asdfasdfasdsad\n'),
(8, 'student', 1, 1, 0, 1386486629, 'ghjkjj'),
(9, 'student', 1, 1, 0, 1386486662, 'nihao');

-- --------------------------------------------------------

--
-- 表的结构 `topiccomment`
--

CREATE TABLE IF NOT EXISTS `topiccomment` (
  `comment_id` int(8) NOT NULL AUTO_INCREMENT,
  `topic_id` int(8) DEFAULT NULL,
  `author_id` varchar(20) DEFAULT NULL,
  `time` int(16) DEFAULT NULL,
  `content` text,
  PRIMARY KEY (`comment_id`)
) ENGINE=InnoDB  DEFAULT CHARSET=utf8 AUTO_INCREMENT=13 ;

--
-- 转存表中的数据 `topiccomment`
--

INSERT INTO `topiccomment` (`comment_id`, `topic_id`, `author_id`, `time`, `content`) VALUES
(1, 1, '12345', 100, 'adcacdsc'),
(2, 1, '123456', 150, 'adsfasfd'),
(3, 1, 'student', 1385692810, 'asfasfafs'),
(4, 1, 'student', 1385692830, 'asfasfafs'),
(5, 2, 'student', 1385692835, 'asdfasffafas'),
(6, 2, 'student', 1385692839, 'asfasfasffas'),
(7, 3, 'student', 1385693271, 'asdfasdasfd'),
(8, 3, 'student', 1385693277, 'asdfasfass'),
(9, 4, 'student', 1385693369, 'afasfd'),
(10, 4, 'student', 1385693380, 'safdfas'),
(11, 5, 'student', 1385693400, 'asdfasdfsadfsadfs'),
(12, 1, 'student', 1386262074, '1');

-- --------------------------------------------------------

--
-- 表的结构 `users`
--

CREATE TABLE IF NOT EXISTS `users` (
  `userid` varchar(20) NOT NULL,
  `password` varchar(60) NOT NULL,
  `role` char(1) NOT NULL,
  `email` varchar(60) DEFAULT NULL,
  `name` varchar(30) DEFAULT NULL,
  `major` varchar(60) DEFAULT NULL,
  `tel` varchar(15) DEFAULT NULL,
  `ques` varchar(200) DEFAULT NULL,
  `answer` varchar(200) DEFAULT NULL,
  PRIMARY KEY (`userid`)
) ENGINE=InnoDB DEFAULT CHARSET=utf8;

--
-- 转存表中的数据 `users`
--

INSERT INTO `users` (`userid`, `password`, `role`, `email`, `name`, `major`, `tel`, `ques`, `answer`) VALUES
('123', '123', 'T', NULL, '测试员', NULL, NULL, NULL, NULL),
('student', 'student', 'S', 'student@zju.edu.cn', '某某', '计算机科学与技术', '18868813800', '三点一四一五九二六', '5358979'),
('ta', 'ta', 'A', NULL, '测试员A', NULL, NULL, NULL, NULL),
('teacher', 'teacher', 'T', '', NULL, '', '', '', '');

/*!40101 SET CHARACTER_SET_CLIENT=@OLD_CHARACTER_SET_CLIENT */;
/*!40101 SET CHARACTER_SET_RESULTS=@OLD_CHARACTER_SET_RESULTS */;
/*!40101 SET COLLATION_CONNECTION=@OLD_COLLATION_CONNECTION */;
