-- phpMyAdmin SQL Dump
-- version 4.0.4
-- http://www.phpmyadmin.net
--
-- 主机: localhost
-- 生成日期: 2014 年 01 月 19 日 12:07
-- 服务器版本: 5.6.12-log
-- PHP 版本: 5.4.16

SET SQL_MODE = "NO_AUTO_VALUE_ON_ZERO";
SET time_zone = "+00:00";


/*!40101 SET @OLD_CHARACTER_SET_CLIENT=@@CHARACTER_SET_CLIENT */;
/*!40101 SET @OLD_CHARACTER_SET_RESULTS=@@CHARACTER_SET_RESULTS */;
/*!40101 SET @OLD_COLLATION_CONNECTION=@@COLLATION_CONNECTION */;
/*!40101 SET NAMES utf8 */;

--
-- 数据库: `sestudy`
--
CREATE DATABASE IF NOT EXISTS `sestudy` DEFAULT CHARACTER SET utf8 COLLATE utf8_unicode_ci;
USE `sestudy`;

-- --------------------------------------------------------

--
-- 表的结构 `classes`
--

CREATE TABLE IF NOT EXISTS `classes` (
  `classid` int(11) NOT NULL AUTO_INCREMENT,
  `courseid` int(11) NOT NULL,
  `coursename` varchar(60) COLLATE utf8_unicode_ci NOT NULL,
  `term` varchar(60) COLLATE utf8_unicode_ci NOT NULL,
  `time` varchar(120) COLLATE utf8_unicode_ci NOT NULL,
  `major` varchar(60) COLLATE utf8_unicode_ci DEFAULT NULL,
  PRIMARY KEY (`classid`)
) ENGINE=InnoDB  DEFAULT CHARSET=utf8 COLLATE=utf8_unicode_ci AUTO_INCREMENT=5 ;

--
-- 转存表中的数据 `classes`
--

INSERT INTO `classes` (`classid`, `courseid`, `coursename`, `term`, `time`, `major`) VALUES
(1, 1, '软件需求分析与设计', '2013-2014秋冬学期', '周一上午3, 4, 5节', '软件工程'),
(2, 1, '软件需求分析与设计', '2013-2014秋冬学期', '周一下午6, 7, 8节', '软件工程'),
(3, 2, '项目管理与案例分析', '2013-2014秋冬学期', '周五上午1, 2节', '软件工程'),
(4, 3, '软件测试与质量保证', '2013-2014秋冬学期', '周一下午9,10节;周四上午1,2节', '计算机科学与技术学院');

-- --------------------------------------------------------

--
-- 表的结构 `courses`
--

CREATE TABLE IF NOT EXISTS `courses` (
  `courseid` int(11) NOT NULL AUTO_INCREMENT,
  `name` varchar(30) COLLATE utf8_unicode_ci NOT NULL,
  PRIMARY KEY (`courseid`)
) ENGINE=InnoDB  DEFAULT CHARSET=utf8 COLLATE=utf8_unicode_ci AUTO_INCREMENT=4 ;

--
-- 转存表中的数据 `courses`
--

INSERT INTO `courses` (`courseid`, `name`) VALUES
(1, '软件需求分析与设计'),
(2, '项目管理与案例分析'),
(3, '软件测试与质量保证');

-- --------------------------------------------------------

--
-- 表的结构 `forum_relation`
--

CREATE TABLE IF NOT EXISTS `forum_relation` (
  `id` int(11) NOT NULL AUTO_INCREMENT,
  `forumid` int(11) NOT NULL,
  `classid` int(11) NOT NULL,
  PRIMARY KEY (`id`)
) ENGINE=InnoDB  DEFAULT CHARSET=utf8 COLLATE=utf8_unicode_ci AUTO_INCREMENT=5 ;

--
-- 转存表中的数据 `forum_relation`
--

INSERT INTO `forum_relation` (`id`, `forumid`, `classid`) VALUES
(1, 1, 1),
(2, 4, 2),
(3, 2, 3),
(4, 3, 4);

-- --------------------------------------------------------

--
-- 表的结构 `intro`
--

CREATE TABLE IF NOT EXISTS `intro` (
  `course` int(8) NOT NULL,
  `c_name` varchar(32) COLLATE utf8_unicode_ci NOT NULL,
  `e_name` varchar(128) COLLATE utf8_unicode_ci NOT NULL,
  `course_code` int(8) NOT NULL,
  `academy` varchar(32) COLLATE utf8_unicode_ci NOT NULL,
  `credit_hour` decimal(5,1) NOT NULL,
  `week_hour` varchar(16) COLLATE utf8_unicode_ci NOT NULL,
  `season` varchar(8) COLLATE utf8_unicode_ci NOT NULL,
  `belong` varchar(32) COLLATE utf8_unicode_ci NOT NULL,
  `requirement` varchar(128) COLLATE utf8_unicode_ci NOT NULL,
  `textbook` text COLLATE utf8_unicode_ci NOT NULL,
  `c_intro` text COLLATE utf8_unicode_ci NOT NULL,
  `e_intro` text COLLATE utf8_unicode_ci NOT NULL,
  PRIMARY KEY (`course`),
  UNIQUE KEY `course` (`course`)
) ENGINE=InnoDB DEFAULT CHARSET=utf8 COLLATE=utf8_unicode_ci;

--
-- 转存表中的数据 `intro`
--

INSERT INTO `intro` (`course`, `c_name`, `e_name`, `course_code`, `academy`, `credit_hour`, `week_hour`, `season`, `belong`, `requirement`, `textbook`, `c_intro`, `e_intro`) VALUES
(1, '软件需求分析与设计', 'Software Demand Analysis & Design', 22190880, '软件学院', '3.5', '3.0-1.0', '秋冬', '软件工程专业必修课', '软件工程', '<p><span style="font-size:14px;font-family:宋体;color:black">《软件需求》第</span><span style="font-size:14px;font-family:&#39;Simsun&#39;,&#39;serif&#39;;color:black">2</span><span style="font-size:14px;font-family:宋体;color:black">版，</span><span style="font-size:14px;font-family:&#39;Simsun&#39;,&#39;serif&#39;;color:black">[</span><span style="font-size:14px;font-family:宋体;color:black">美</span><span style="font-size:14px;font-family:&#39;Simsun&#39;,&#39;serif&#39;;color:black">] Karl E. Wiegers </span><span style="font-size:14px;font-family:宋体;color:black">著，刘伟琴、刘洪涛</span><span style="font-size:14px;font-family:宋体;color:black">译，</span><span style="font-size:14px;font-family:&#39;Simsun&#39;,&#39;serif&#39;;color:black">2004</span><span style="font-size:14px;font-family:宋体;color:black">年</span><span style="font-size:14px;font-family:&#39;Simsun&#39;,&#39;serif&#39;;color:black">11</span><span style="font-size:14px;font-family:宋体;color:black">月第</span><span style="font-size:14px;font-family:&#39;Simsun&#39;,&#39;serif&#39;;color:black">1</span><span style="font-size:14px;font-family:宋体;color:black">版，清华大学出版社</span></p><p><span style="font-size:14px;font-family:宋体;color:black"><img src="http://localhost/sestudy/resource/ueditor/php/upload/20131205/13862178641235.jpg" _src="http://localhost/sestudy/resource/ueditor/php/upload/20131205/13862178641235.jpg" width="120" height="172"/></span></p>', '<p><span style=";font-family:宋体">《软件需求分析与设计》是软件开发及软件工程人员的一门基础技能课程，该课程主要介绍软件需求工程的基本理论，包括：需求工程的基本概念，需求工程。需求过程主要包括需求开发和需求管理两个部分：需求开发包括需求获取、需求分析、规格定义和需求验证四个方面；需求管理包括需求评审、需求变更控制和需求跟踪等内容。</span></p><p><span style=";font-family:宋体">同时，该课程介绍了实际的需求工程应用技术，主要包括需求获取的方法、各种需求分析技术，需求规格的要求</span><span>,</span><span style=";font-family:宋体">了解主要的需求管理工具使用方法等。</span></p><p><span style="font-size:14px;font-family:宋体">该课程还介绍了软件需求分析与设计中的通用技术，主要是</span><span style="font-size:14px;font-family:&#39;Calibri&#39;,&#39;sans-serif&#39;">UML</span><span style="font-size:14px;font-family:宋体">技术与方法，包括：面向对象的分析与设计技术概述、</span><span style="font-size:14px;font-family:&#39;Calibri&#39;,&#39;sans-serif&#39;">UML</span><span style="font-size:14px;font-family:宋体">发展历史概述、</span><span style="font-size:14px;font-family:&#39;Calibri&#39;,&#39;sans-serif&#39;">UML</span><span style="font-size:14px;font-family:宋体">技术中主要的</span><span style="font-size:14px;font-family:&#39;Calibri&#39;,&#39;sans-serif&#39;">13</span><span style="font-size:14px;font-family:宋体">类图表的制作方法、设计模式概念的介绍、</span><span style="font-size:14px;font-family:&#39;Calibri&#39;,&#39;sans-serif&#39;">UML</span><span style="font-size:14px;font-family:宋体">开发工具的介绍以及如何编写初步的软件概要设计说明。</span></p>', '<p><span style=";font-family:&#39;Arial&#39;,&#39;sans-serif&#39;">Introducethe basic conceptions of Software Requirement Engineering</span></p><p class="MsoListParagraph" style="margin-left: 28px"><span style=";font-family:Wingdings">l<span style="font-size: 9px;line-height: normal;font-family: &#39;Times New Roman&#39;">&nbsp; </span></span><span style=";font-family:&#39;Arial&#39;,&#39;sans-serif&#39;">Twoprocesses : requirement development process and requirement management process</span></p><p class="MsoListParagraph" style="margin-left: 56px"><span style=";font-family:Wingdings">ü<span style="font-size: 9px;line-height: normal;font-family: &#39;Times New Roman&#39;">&nbsp; </span></span><span style=";font-family:&#39;Arial&#39;,&#39;sans-serif&#39;">Development: acquisition, analyst, specification &amp; verification</span></p><p class="MsoListParagraph" style="margin-left: 56px"><span style=";font-family:Wingdings">ü<span style="font-size: 9px;line-height: normal;font-family: &#39;Times New Roman&#39;">&nbsp; </span></span><span style=";font-family:&#39;Arial&#39;,&#39;sans-serif&#39;">Management: review, change control, management &amp; tracing </span></p><p><span style=";font-family:&#39;Arial&#39;,&#39;sans-serif&#39;">Howto used SRE in practice</span></p><p class="MsoListParagraph" style="margin-left: 28px"><span style=";font-family:Wingdings">l<span style="font-size: 9px;line-height: normal;font-family: &#39;Times New Roman&#39;">&nbsp; </span></span><span style=";font-family:&#39;Arial&#39;,&#39;sans-serif&#39;">Methodsand techniques for acquisition, analyst &amp; specification</span></p><p><span style=";font-family:&#39;Arial&#39;,&#39;sans-serif&#39;">Generaltechnique for Software Requirement Analysis &amp; Design (SRA&amp;D)</span></p><p class="MsoListParagraph" style="margin-left: 28px"><span style=";font-family:Wingdings">l<span style="font-size: 9px;line-height: normal;font-family: &#39;Times New Roman&#39;">&nbsp; </span></span><span style=";font-family:&#39;Arial&#39;,&#39;sans-serif&#39;">OOA&amp; D</span></p><p class="MsoListParagraph" style="margin-left: 28px"><span style=";font-family:Wingdings">l<span style="font-size: 9px;line-height: normal;font-family: &#39;Times New Roman&#39;">&nbsp; </span></span><span style=";font-family:&#39;Arial&#39;,&#39;sans-serif&#39;">UnifiedModeling Language – UML</span></p><p class="MsoListParagraph" style="margin-left: 56px"><span style=";font-family:Wingdings">ü<span style="font-size: 9px;line-height: normal;font-family: &#39;Times New Roman&#39;">&nbsp; </span></span><span style=";font-family:&#39;Arial&#39;,&#39;sans-serif&#39;">UMLhistory/background</span></p><p class="MsoListParagraph" style="margin-left: 56px"><span style=";font-family:Wingdings">ü<span style="font-size: 9px;line-height: normal;font-family: &#39;Times New Roman&#39;">&nbsp; </span></span><span style=";font-family:&#39;Arial&#39;,&#39;sans-serif&#39;">13diagrams used in UML</span></p><p class="MsoListParagraph" style="margin-left: 56px"><span style=";font-family:Wingdings">ü<span style="font-size: 9px;line-height: normal;font-family: &#39;Times New Roman&#39;">&nbsp; </span></span><span style=";font-family:&#39;Arial&#39;,&#39;sans-serif&#39;">Designpattern conception</span></p><p class="MsoListParagraph" style="margin-left: 56px"><span style=";font-family:Wingdings">ü<span style="font-size: 9px;line-height: normal;font-family: &#39;Times New Roman&#39;">&nbsp; </span></span><span style=";font-family:&#39;Arial&#39;,&#39;sans-serif&#39;">UMLtools</span></p><p><span style="font-size:14px;font-family:&#39;Arial&#39;,&#39;sans-serif&#39;">WriteSoftware Brief Design Specification</span></p>'),
(2, '项目管理与案例分析', 'Project Management & Case Analysis', 21120710, '计算机科学与技术学院', '2.5', '2.0-1.0', '秋冬', '社会科学类', '软件工程，面向对象程序设计', '<p><img src="http://localhost/sestudy/resource/ueditor/php/upload/20140118/13900465823105.jpg" _src="http://localhost/sestudy/resource/ueditor/php/upload/20140118/13900465823105.jpg" width="120" height="156" style="width: 156px; height: 212px;"/></p><p><span style="text-indent: 31px;font-family:宋体, SimSun;font-size:16px">IT项目管理（Managing Information Technology Projects ）<span style="white-space: normal;">第</span><span style="white-space: normal;">6</span><span style="white-space: normal;">版</span><span style="white-space: normal;">，</span><span style="white-space: normal;"><span style="color: inherit; line-height: 40px;">凯西.施瓦尔贝(Kathy Schwalbe)</span></span><span style="white-space: normal;">2009</span><span style="white-space: normal;">年</span><span style="white-space: normal;">01</span><span style="white-space: normal;">月第</span><span style="white-space: normal;">1</span><span style="white-space: normal;">版，机械工业出版社</span></span></p>', '<p>作为软件工程体系课程的重要组成部分，本课程培养学生今后作为软件项目开发人员涉及相关工作职责与管理技能等。通过案例分析和练习，使学生掌握项目管理的基本概念和方法，从软件项目的选择立项、计划、执行、控制、评价和终止过程指导学生理解软件开发的成本、时间、资源和性能约束的实践性管理问题，建立项目目标和客户满意的项目运做实践体系。通过案例分析，使学生在实践中合理选择软件生命周期模型，应用计划管理、成本管理、时间管理、资源管理、质量管理工具，实现项目目标。</p>', '<p>As the important part in software engineering, the course gives the students some capability of project and process management techniques and organization operation. the case and practice provide an understanding and application of project management conception and processes. It includes project concept, project development life cycle, project selection, project planning, resource management, cost-benefit analysis, time management, quality management. Students learn the importance of effective communication and integration.</p>'),
(3, '软件质量保证与测试', 'Software Quality Assurance & Test', 21120550, '计算机科学与技术学院', '2.5', '2.0-1.0', '冬', '工程技术类', '软件工程', '<p><img src="http://localhost/sestudy/resource/ueditor/php/upload/20140118/13900471978557.jpg" _src="http://localhost/sestudy/resource/ueditor/php/upload/20140118/13900471978557.jpg" width="120" height="173" style="width: 161px; height: 221px;"/></p><p><span style="font-family:宋体, SimSun;font-size:16px">软件测试：原理与实践，布朗<span lang="EN-US"> (Stephen Brown)</span><span lang="EN-US" style="color: black;">(</span><span style="color: black;">作者</span><span lang="EN-US" style="color: black;">),</span><span lang="EN-US">Joe Timoney</span><span lang="EN-US" style="color: black;">(</span><span style="color: black;">作者</span><span lang="EN-US" style="color: black;">),</span><span lang="EN-US">Tom Lysaght</span><span lang="EN-US" style="color: black;">(</span><span style="color: black;">作者</span><span lang="EN-US" style="color: black;">),</span>叶德仕<span lang="EN-US"> (Deshi Ye)，<span style="color: rgb(0, 0, 0); line-height: normal; white-space: normal;">2012年9月1日<span style="color: rgb(0, 0, 0); line-height: normal; white-space: normal;">第1版 ，<span style="color: rgb(0, 0, 0); line-height: normal; white-space: normal;">机械工业出版社</span></span></span></span></span></p>', '<p>本课程按软件测试的原理、技术和实践三部分组织内容，包括软件工程概述，软件测试和质量保证的基本概念、思想和方法，各种测试的方法和技巧，软件测试用例的设计；如何组织和管理软件测试项目、如何进行软件质量分析，最终建立全面的质量保证体系。</p>', '<p>The course consists of three parts: the principles of software testing, technical and practical. The contents include an overview of software engineering, software testing and quality assurance of the basic concepts, ideas and methods, various testing methods and techniques, software test case design; how to organize and management of software testing projects, software quality analysis to the final establishment of a comprehensive quality assurance system.</p>');

-- --------------------------------------------------------

--
-- 表的结构 `link`
--

CREATE TABLE IF NOT EXISTS `link` (
  `linkid` int(11) NOT NULL AUTO_INCREMENT,
  `name` varchar(30) DEFAULT NULL,
  `url` varchar(50) NOT NULL,
  `information` varchar(200) DEFAULT '无',
  PRIMARY KEY (`linkid`)
) ENGINE=InnoDB  DEFAULT CHARSET=utf8 AUTO_INCREMENT=5 ;

--
-- 转存表中的数据 `link`
--

INSERT INTO `link` (`linkid`, `name`, `url`, `information`) VALUES
(1, '浙江大学办公网', 'http://zupo.zju.edu.cn/', '这是浙江大学办公网'),
(2, '浙江大学计算机科学与技术学院', 'http://www.cs.zju.edu.cn/', '这是浙江大学计算机科学与技术学院'),
(3, '浙江大学本科生院', 'http://ugrs.zju.edu.cn/', '这是浙江大学本科生院'),
(4, 'CC98', 'http://www.cc98.org/', '校内论坛');

-- --------------------------------------------------------

--
-- 表的结构 `notice`
--

CREATE TABLE IF NOT EXISTS `notice` (
  `nid` int(8) NOT NULL,
  `course` int(8) NOT NULL,
  `inhome` int(8) NOT NULL,
  `userid` varchar(20) COLLATE utf8_unicode_ci NOT NULL,
  `username` varchar(32) COLLATE utf8_unicode_ci NOT NULL,
  `title` varchar(128) COLLATE utf8_unicode_ci NOT NULL,
  `detail` text COLLATE utf8_unicode_ci NOT NULL,
  `date` date NOT NULL,
  `datetime` datetime NOT NULL,
  PRIMARY KEY (`nid`),
  UNIQUE KEY `id` (`nid`)
) ENGINE=InnoDB DEFAULT CHARSET=utf8 COLLATE=utf8_unicode_ci;

--
-- 转存表中的数据 `notice`
--

INSERT INTO `notice` (`nid`, `course`, `inhome`, `userid`, `username`, `title`, `detail`, `date`, `datetime`) VALUES
(1, 1, 1, 'teacher', '邢卫', '期末教学总体安排已经发布，请下载并认真仔细阅读。', '<p>期末教学总体安排已经发布，请下载并认真仔细阅读。</p>', '2014-01-05', '2014-01-05 19:21:53'),
(2, 2, 1, 'teacher4', '金波', '项目要求C1，C2已上传，请同学们自行下载', '<p>项目要求C1，C2已上传，请同学们自行下载</p>', '2013-09-12', '2013-09-12 19:57:31'),
(4, 1, 0, '123', '邢卫', '这是一个长标题测试啊啊啊啊啊啊啊啊啊啊啊啊啊啊啊啊啊啊啊啊啊啊啊', '<p>这是一个长标题测试啊啊啊啊啊啊啊啊啊啊啊啊啊啊啊啊啊啊啊啊啊啊啊</p>', '2013-09-08', '2013-09-08 17:30:16'),
(5, 3, 1, '123', '邢卫', 'hello', 'hello', '2013-09-04', '2013-09-04 05:25:30'),
(6, 1, 0, '123', '邢卫', '这是一个短标题测试', '<p>这是一个短标题测试</p>', '2013-09-08', '2013-09-08 17:30:45'),
(7, 1, 1, '123', '邢卫', '这是一个长标题测试啊啊啊啊啊啊啊啊啊啊啊啊啊啊啊啊啊啊啊啊啊啊啊', '<p>这是一个长标题测试啊啊啊啊啊啊啊啊啊啊啊啊啊啊啊啊啊啊啊啊啊啊啊</p>', '2013-09-08', '2013-09-08 17:30:59'),
(8, 3, 1, '123', '邢卫', '主页', '主页', '2013-09-08', '2013-09-08 18:37:20'),
(9, 2, 1, 'teacher4', '金波', '同学们新学期好!', '<p>同学们新学期好!</p>', '2013-09-01', '2013-09-01 19:55:54'),
(10, 1, 1, 'teacher', '邢卫', '第15周的讲义已经发布，请下载。', '<p>第15周的讲义已经发布，请下载。</p>', '2014-01-05', '2014-01-05 19:21:31'),
(12, 1, 1, 'teacher', '邢卫', '截至第14周的讲义已经发布，请下载。', '<p>截至第14周的讲义已经发布，请下载。</p>', '2013-12-24', '2013-12-24 19:21:04'),
(13, 1, 1, 'teacher', '邢卫', '第十二周的讲义已经发布，请下载。', '<p>第十二周的讲义已经发布，请下载。</p>', '2013-12-10', '2013-12-10 19:20:31'),
(14, 3, 0, '123', '邢卫', '123', '123', '2013-09-08', '2013-09-08 18:42:20'),
(15, 1, 1, 'teacher', '邢卫', '第十一周的讲义已经发布，请下载。', '<p>第十一周的讲义已经发布，请下载。</p>', '2013-12-04', '2013-12-04 19:20:10'),
(16, 1, 1, 'teacher', '邢卫', '第十周的讲义已经发布，请下载。', '<p>第十周的讲义已经发布，请下载。</p>', '2013-11-25', '2013-11-25 19:19:51'),
(17, 1, 1, 'teacher', '邢卫', '第七八九周的讲义已经发布，请下载。', '<p>第七八九周的讲义已经发布，请下载。</p>', '2013-11-19', '2013-11-19 19:19:34'),
(18, 1, 1, 'teacher', '邢卫', '前六周的讲义已经发布，请下载。', '<p>前六周的讲义已经发布，请下载。</p>', '2013-10-22', '2013-10-22 19:19:15'),
(19, 1, 1, 'teacher', '邢卫', '项目需求交流的建议安排已经发布，请下载参阅。', '<p>项目需求交流的建议安排已经发布，请下载参阅。</p>', '2013-09-26', '2013-09-26 19:18:57'),
(23, 1, 1, 'teacher', '邢卫', '项目任务描述9月25日已经发布，请下载参阅。', '<p>项目任务描述9月25日已经发布，请下载参阅。</p>', '2013-09-25', '2013-09-25 19:18:38'),
(24, 1, 1, 'teacher', '邢卫', '“软件需求”课程（含项目）整体安排9月25日已经发布，请下载参阅。', '<p>“软件需求”课程（含项目）整体安排9月25日已经发布，请下载参阅。</p>', '2013-09-25', '2013-09-25 19:10:46'),
(25, 1, 1, 'teacher', '邢卫', '截至今天上午8时的分组名单已公布，请核对。', '<p>截至今天上午8时的分组名单已公布，请核对。</p>', '2013-09-25', '2013-09-25 19:14:21'),
(26, 1, 0, 'teacher4', '金波', 'home test看不到我！', '<p>home test看不到我！</p>', '2013-09-02', '2013-09-02 19:57:53');

-- --------------------------------------------------------

--
-- 表的结构 `outline`
--

CREATE TABLE IF NOT EXISTS `outline` (
  `course` int(8) NOT NULL,
  `target` text COLLATE utf8_unicode_ci NOT NULL,
  `requirement` text COLLATE utf8_unicode_ci NOT NULL,
  `arrangement` text COLLATE utf8_unicode_ci NOT NULL,
  `recommendation` text COLLATE utf8_unicode_ci NOT NULL,
  PRIMARY KEY (`course`),
  UNIQUE KEY `course` (`course`)
) ENGINE=InnoDB DEFAULT CHARSET=utf8 COLLATE=utf8_unicode_ci;

--
-- 转存表中的数据 `outline`
--

INSERT INTO `outline` (`course`, `target`, `requirement`, `arrangement`, `recommendation`) VALUES
(1, '<p><span style="font-family: 宋体; background-color: rgb(255, 255, 255);">（一）学习目标</span></p><p><span style="background-color: rgb(255, 255, 255);"><span style="font-family:宋体">使学生系统地掌握需求开发和管理的技术和方法，掌握需求分析和建模的技术和方法，掌握需求规格的验证和评审等要点和方法，掌握应用</span><span>UML</span><span style="font-family:宋体">进行软件分析与设计的技术和方法。</span></span></p><p><span style="font-family: 宋体; background-color: rgb(255, 255, 255);">（二）可测量结果</span></p><p><span style="font-family: 宋体; background-color: rgb(255, 255, 255);">结合具体的实际项目开发，解决软件项目开发中的有关需求的各种问题，能够适应目前各种应用项目的系统的需求开发和管理工作。</span></p>', '<p><span style="font-family:宋体">（一）授课方式与要求</span></p><p><span style="font-family:宋体">课堂授课</span><span>16</span><span style="font-family:宋体">次</span><span>,</span><span style="font-family:宋体">每次</span><span>3</span><span style="font-family:宋体">个学时</span><span>,</span><span style="font-family:宋体">具体内容如下</span><span>:</span></p><table border="1" cellspacing="0" cellpadding="0" style="border: none"><tbody><tr><td width="198" valign="top" style="width: 198px;border-color: windowtext;border-width: 1px;padding: 0 7px"><p><span style="font-family:宋体">知识模块</span><span>&nbsp;&nbsp;&nbsp;&nbsp;&nbsp;&nbsp;&nbsp;&nbsp; </span></p></td><td width="284" valign="top" style="width: 284px;border-top-color: windowtext;border-right-color: windowtext;border-bottom-color: windowtext;border-top-width: 1px;border-right-width: 1px;border-bottom-width: 1px;border-left-style: none;padding: 0 7px"><p><span style="font-family:宋体">内容</span></p></td><td width="71" valign="top" style="width: 71px;border-top-color: windowtext;border-right-color: windowtext;border-bottom-color: windowtext;border-top-width: 1px;border-right-width: 1px;border-bottom-width: 1px;border-left-style: none;padding: 0 7px"><p><span style="font-family:宋体">学时（课堂讲授）</span></p></td></tr><tr><td width="198" valign="top" style="width: 198px;border-right-color: windowtext;border-bottom-color: windowtext;border-left-color: windowtext;border-right-width: 1px;border-bottom-width: 1px;border-left-width: 1px;border-top-style: none;padding: 0 7px"><p><span style="font-family:宋体">软件需求分析与软件设计概述</span></p></td><td width="284" valign="top" style="width: 284px;border-top-style: none;border-left-style: none;border-bottom-color: windowtext;border-bottom-width: 1px;border-right-color: windowtext;border-right-width: 1px;padding: 0 7px"><p><span style="font-family:宋体">需求工程发展过程</span></p><p><span style="font-family:宋体">软件需求分析基本概念</span></p><p><span style="font-family:宋体">需求工程的主要过程和方法</span></p><p><span style="font-family:宋体">软件设计基本概念</span></p><p><span style="font-family:宋体">软件设计的主要过程和方法</span></p><p><span style="font-family:宋体">相关知识体系介绍</span></p></td><td width="71" valign="top" style="width: 71px;border-top-style: none;border-left-style: none;border-bottom-color: windowtext;border-bottom-width: 1px;border-right-color: windowtext;border-right-width: 1px;padding: 0 7px"><p><span>6</span></p></td></tr><tr><td width="198" valign="top" style="width: 198px;border-right-color: windowtext;border-bottom-color: windowtext;border-left-color: windowtext;border-right-width: 1px;border-bottom-width: 1px;border-left-width: 1px;border-top-style: none;padding: 0 7px"><p><span style="font-family:宋体">软件需求获取与分析</span></p></td><td width="284" valign="top" style="width: 284px;border-top-style: none;border-left-style: none;border-bottom-color: windowtext;border-bottom-width: 1px;border-right-color: windowtext;border-right-width: 1px;padding: 0 7px"><p><span style="font-family:宋体">需求获取的指导方针</span></p><p><span style="font-family:宋体">需求获取的主要方法与技术</span></p><p><span style="font-family:宋体">需求分析的目的</span></p><p><span style="font-family:宋体">需求分析的主要方法</span></p></td><td width="71" valign="top" style="width: 71px;border-top-style: none;border-left-style: none;border-bottom-color: windowtext;border-bottom-width: 1px;border-right-color: windowtext;border-right-width: 1px;padding: 0 7px"><p><span>12</span></p></td></tr><tr><td width="198" valign="top" style="width: 198px;border-right-color: windowtext;border-bottom-color: windowtext;border-left-color: windowtext;border-right-width: 1px;border-bottom-width: 1px;border-left-width: 1px;border-top-style: none;padding: 0 7px"><p><span style="font-family:宋体">软件需求规范与管理</span></p></td><td width="284" valign="top" style="width: 284px;border-top-style: none;border-left-style: none;border-bottom-color: windowtext;border-bottom-width: 1px;border-right-color: windowtext;border-right-width: 1px;padding: 0 7px"><p><span style="font-family:宋体">需求规格说明的目的</span></p><p><span style="font-family:宋体">需求规格说明的主要方法</span></p><p><span style="font-family:宋体">需求验证与审核的主要方法</span></p><p><span style="font-family:宋体">需求管理的目的</span></p><p><span style="font-family:宋体">需求管理的主要方法与步骤</span></p></td><td width="71" valign="top" style="width: 71px;border-top-style: none;border-left-style: none;border-bottom-color: windowtext;border-bottom-width: 1px;border-right-color: windowtext;border-right-width: 1px;padding: 0 7px"><p><span>12</span></p></td></tr><tr><td width="198" valign="top" style="width: 198px;border-right-color: windowtext;border-bottom-color: windowtext;border-left-color: windowtext;border-right-width: 1px;border-bottom-width: 1px;border-left-width: 1px;border-top-style: none;padding: 0 7px"><p><span style="font-family:宋体">软件设计基础</span></p></td><td width="284" valign="top" style="width: 284px;border-top-style: none;border-left-style: none;border-bottom-color: windowtext;border-bottom-width: 1px;border-right-color: windowtext;border-right-width: 1px;padding: 0 7px"><p><span>UML</span><span style="font-family:宋体">分析设计方法介绍</span></p><p><span>UML</span><span style="font-family:宋体">各种建模工具（图）的作用及使用</span></p><p><span style="font-family:宋体">软件图形化建模工具介绍</span></p></td><td width="71" valign="top" style="width: 71px;border-top-style: none;border-left-style: none;border-bottom-color: windowtext;border-bottom-width: 1px;border-right-color: windowtext;border-right-width: 1px;padding: 0 7px"><p><span>12</span></p></td></tr><tr style=";height:212px"><td width="198" valign="top" style="width: 198px;border-right-color: windowtext;border-bottom-color: windowtext;border-left-color: windowtext;border-right-width: 1px;border-bottom-width: 1px;border-left-width: 1px;border-top-style: none;padding: 0 7px;height: 212px"><p><span style="font-family:宋体">软件需求分析与设计实践</span></p></td><td width="284" valign="top" style="width: 284px;border-top-style: none;border-left-style: none;border-bottom-color: windowtext;border-bottom-width: 1px;border-right-color: windowtext;border-right-width: 1px;padding: 0 7px;height: 212px"><p><span style="font-family:宋体">根据课程作业要求编写《需求分析与设计项目计划》</span> &nbsp;<span style="font-family:宋体">实践需求工程的各个过程：需求识别、需求分析与设计</span></p><p><span>OOA</span><span style="font-family:宋体">方法，</span><span>UML</span><span style="font-family:宋体">描述</span></p><p><span style="font-family:宋体">需求定义：软件需求说明文档、需求管理：变更的控制与跟踪记录报告</span></p><p><span style="font-family:宋体">采用</span><span>UML</span><span style="font-family:宋体">方法，完成基本的软件概要设计说明书</span></p><p><span style="font-family:宋体">提出改进措施：技术方法的改进，软件需求分析及设计过程的改进建议</span></p></td><td width="71" valign="top" style="width: 71px;border-top-style: none;border-left-style: none;border-bottom-color: windowtext;border-bottom-width: 1px;border-right-color: windowtext;border-right-width: 1px;padding: 0 7px;height: 212px"><p><span>6</span></p></td></tr></tbody></table><p><span>&nbsp;</span></p><p><span style="font-family:宋体">（二）</span><span>&nbsp;&nbsp;&nbsp;&nbsp; </span><span style="font-family:宋体">考试评分与建议</span></p><p><span style="font-family:宋体">以大型课程作业的方式，采用项目管理的方法，对具体课程作业内容项目：对“软件工程教学辅助系统”项目的需求进行分析与设计。</span></p><p><span style="font-family:宋体">课程作业要求：</span></p><p class="MsoListParagraph" style="margin-left:28px"><span>1.<span style="font-size: 9px;line-height: normal;font-family: &#39;Times New Roman&#39;">&nbsp;&nbsp;&nbsp;&nbsp;&nbsp;&nbsp;&nbsp;&nbsp;</span></span><span style="font-family:宋体">每</span><span>5-8</span><span style="font-family:宋体">人组成一个项目小组，在项目经理（组长）的领导下，团结协作共同完成课程作业。</span></p><p class="MsoListParagraph" style="margin-left:28px"><span>2.<span style="font-size: 9px;line-height: normal;font-family: &#39;Times New Roman&#39;">&nbsp;&nbsp;&nbsp;&nbsp;&nbsp;&nbsp;&nbsp;&nbsp;</span></span><span style="font-family:宋体">提供的《需求分析与设计项目计划》</span></p><p class="MsoListParagraph" style="margin-left:28px"><span>3.<span style="font-size: 9px;line-height: normal;font-family: &#39;Times New Roman&#39;">&nbsp;&nbsp;&nbsp;&nbsp;&nbsp;&nbsp;&nbsp;&nbsp;</span></span><span style="font-family:宋体">实践需求工程的各个过程，主要包括：</span></p><p class="MsoListParagraph" style="margin-left:56px"><span>a.<span style="font-size: 9px;line-height: normal;font-family: &#39;Times New Roman&#39;">&nbsp;&nbsp;&nbsp;&nbsp;&nbsp;&nbsp;&nbsp;&nbsp;</span></span><span style="font-family:宋体">需求识别：教师、学生、技术专家等需求</span></p><p class="MsoListParagraph" style="margin-left:56px"><span>b.<span style="font-size: 9px;line-height: normal;font-family: &#39;Times New Roman&#39;">&nbsp;&nbsp;&nbsp;&nbsp;&nbsp;&nbsp;&nbsp;&nbsp;</span></span><span style="font-family:宋体">重点完成需求分析与设计：</span><span>OOA</span><span style="font-family:宋体">方法，</span><span>UML</span><span style="font-family:宋体">描述</span></p><p class="MsoListParagraph" style="margin-left:56px"><span>c.<span style="font-size: 9px;line-height: normal;font-family: &#39;Times New Roman&#39;">&nbsp;&nbsp;&nbsp;&nbsp;&nbsp;&nbsp;&nbsp;&nbsp;</span></span><span style="font-family:宋体">需求定义：软件需求说明文档</span></p><p class="MsoListParagraph" style="margin-left:56px"><span>d.<span style="font-size: 9px;line-height: normal;font-family: &#39;Times New Roman&#39;">&nbsp;&nbsp;&nbsp;&nbsp;&nbsp;&nbsp;&nbsp;&nbsp;</span></span><span style="font-family:宋体">需求的确认：需求评审会议及报告，需求基准</span><span>SRS</span></p><p class="MsoListParagraph" style="margin-left:56px"><span>e.<span style="font-size: 9px;line-height: normal;font-family: &#39;Times New Roman&#39;">&nbsp;&nbsp;&nbsp;&nbsp;&nbsp;&nbsp;&nbsp;&nbsp;</span></span><span style="font-family:宋体">需求管理：变更的控制与跟踪记录报告</span></p><p class="MsoListParagraph" style="margin-left:28px"><span>4.<span style="font-size: 9px;line-height: normal;font-family: &#39;Times New Roman&#39;">&nbsp;&nbsp;&nbsp;&nbsp;&nbsp;&nbsp;&nbsp;&nbsp;</span></span><span style="font-family:宋体">采用</span><span>UML</span><span style="font-family:宋体">方法，完成基本的软件概要设计说明书</span></p><p class="MsoListParagraph" style="margin-left:28px"><span>5.<span style="font-size: 9px;line-height: normal;font-family: &#39;Times New Roman&#39;">&nbsp;&nbsp;&nbsp;&nbsp;&nbsp;&nbsp;&nbsp;&nbsp;</span></span><span style="font-family:宋体">提出改进措施：</span></p><p><span>&nbsp;&nbsp;&nbsp;&nbsp;&nbsp;&nbsp;&nbsp;&nbsp; </span><span style="font-family:宋体">技术方法的改进，软件需求分析及设计过程的改进建议</span></p><p><span>&nbsp;</span></p><p><span style="font-family:宋体">考核方式</span><span>:</span></p><p><span style="font-family:宋体">按照课程作业的三个里程碑分别进行讲评，最后每组准备</span><span>10</span><span style="font-family:宋体">分钟</span><span>PPT</span><span style="font-family:宋体">进行讲解，由全部小组的组长对其进行评审、打分，去掉最高和最低分，取平均分数占总分的</span><span>80%</span><span style="font-family:宋体">，教师综合平时情况给出的分数占</span><span>20%</span><span style="font-family:宋体">。</span></p>', '<table border="1" cellspacing="0" cellpadding="0" width="615" style="border: none"><tbody><tr><td width="47" valign="top" style="width: 47px;border-color: windowtext;border-width: 1px;padding: 0 7px"><p style="text-align:center"><span style="font-family:宋体">学期</span></p></td><td width="57" valign="top" style="width: 57px;border-top-color: windowtext;border-right-color: windowtext;border-bottom-color: windowtext;border-top-width: 1px;border-right-width: 1px;border-bottom-width: 1px;border-left-style: none;padding: 0 7px"><p style="text-align:center"><span style="font-family:宋体">教学周</span></p></td><td width="180" valign="top" style="width: 180px;border-top-color: windowtext;border-right-color: windowtext;border-bottom-color: windowtext;border-top-width: 1px;border-right-width: 1px;border-bottom-width: 1px;border-left-style: none;padding: 0 7px"><p style="text-align:center"><span style="font-family:宋体">课堂教学</span></p></td><td width="62" valign="top" style="width: 62px;border-top-color: windowtext;border-right-color: windowtext;border-bottom-color: windowtext;border-top-width: 1px;border-right-width: 1px;border-bottom-width: 1px;border-left-style: none;padding: 0 7px"><p style="text-align:center"><span style="font-family:宋体">阅读</span></p></td><td width="175" valign="top" style="width: 175px;border-top-color: windowtext;border-right-color: windowtext;border-bottom-color: windowtext;border-top-width: 1px;border-right-width: 1px;border-bottom-width: 1px;border-left-style: none;padding: 0 7px"><p style="text-align:center"><span style="font-family:宋体">项目任务（及里程碑）</span></p></td><td width="95" valign="top" style="width: 95px;border-top-color: windowtext;border-right-color: windowtext;border-bottom-color: windowtext;border-top-width: 1px;border-right-width: 1px;border-bottom-width: 1px;border-left-style: none;padding: 0 7px"><p style="text-align:center"><span style="font-family:宋体">截止</span></p></td></tr><tr><td width="47" rowspan="9" valign="top" style="width: 47px;border-right-color: windowtext;border-bottom-color: windowtext;border-left-color: windowtext;border-right-width: 1px;border-bottom-width: 1px;border-left-width: 1px;border-top-style: none;padding: 0 7px"><p style="text-align:center"><span style="font-family:宋体">秋</span></p><p style="text-align:center"><span style="font-family:宋体">学</span></p><p style="text-align:center"><span style="font-family:宋体">期</span></p></td><td width="57" valign="top" style="width: 57px;border-top-style: none;border-left-style: none;border-bottom-color: windowtext;border-bottom-width: 1px;border-right-color: windowtext;border-right-width: 1px;padding: 0 7px"><p style="text-align:center"><span>1</span></p></td><td width="180" valign="top" style="width: 180px;border-top-style: none;border-left-style: none;border-bottom-color: windowtext;border-bottom-width: 1px;border-right-color: windowtext;border-right-width: 1px;padding: 0 7px"><p><span>SRE Course Brief</span></p></td><td width="62" valign="top" style="width: 62px;border-top-style: none;border-left-style: none;border-bottom-color: windowtext;border-bottom-width: 1px;border-right-color: windowtext;border-right-width: 1px;padding: 0 7px"><p style="text-align:center"><span>&nbsp;</span></p></td><td width="175" rowspan="2" valign="top" style="width: 175px;border-top-style: none;border-left-style: none;border-bottom-color: windowtext;border-bottom-width: 1px;border-right-color: windowtext;border-right-width: 1px;padding: 0 7px"><p><span style="font-family:宋体">分组，建立通讯录、角色分工、例会制度、日报制度等</span></p><p><span style="font-family:宋体">完成《人员分组表》</span></p></td><td width="95" valign="top" style="width: 95px;border-top-style: none;border-left-style: none;border-bottom-color: windowtext;border-bottom-width: 1px;border-right-color: windowtext;border-right-width: 1px;padding: 0 7px"><p style="text-align:center"><span>&nbsp;</span></p></td></tr><tr><td width="57" valign="top" style="width: 57px;border-top-style: none;border-left-style: none;border-bottom-color: windowtext;border-bottom-width: 1px;border-right-color: windowtext;border-right-width: 1px;padding: 0 7px"><p style="text-align:center"><span>2</span></p></td><td width="180" valign="top" style="width: 180px;border-top-style: none;border-left-style: none;border-bottom-color: windowtext;border-bottom-width: 1px;border-right-color: windowtext;border-right-width: 1px;padding: 0 7px"><p><span>SRE Introduction</span></p></td><td width="62" valign="top" style="width: 62px;border-top-style: none;border-left-style: none;border-bottom-color: windowtext;border-bottom-width: 1px;border-right-color: windowtext;border-right-width: 1px;padding: 0 7px"><p style="text-align:center"><span>1,2,3</span></p></td><td width="95" valign="top" style="width: 95px;border-top-style: none;border-left-style: none;border-bottom-color: windowtext;border-bottom-width: 1px;border-right-color: windowtext;border-right-width: 1px;padding: 0 7px"><p style="text-align:center"><span>&nbsp;</span></p></td></tr><tr><td width="57" valign="top" style="width: 57px;border-top-style: none;border-left-style: none;border-bottom-color: windowtext;border-bottom-width: 1px;border-right-color: windowtext;border-right-width: 1px;padding: 0 7px"><p style="text-align:center"><span>3</span></p></td><td width="180" valign="top" style="width: 180px;border-top-style: none;border-left-style: none;border-bottom-color: windowtext;border-bottom-width: 1px;border-right-color: windowtext;border-right-width: 1px;padding: 0 7px"><p><span>SRE Overview</span></p><p style="text-align:right"><span style="font-family:宋体">发布《项目描述》</span></p></td><td width="62" valign="top" style="width: 62px;border-top-style: none;border-left-style: none;border-bottom-color: windowtext;border-bottom-width: 1px;border-right-color: windowtext;border-right-width: 1px;padding: 0 7px"><p style="text-align:center"><span>4,5,(13)</span></p></td><td width="175" valign="top" style="width: 175px;border-top-style: none;border-left-style: none;border-bottom-color: windowtext;border-bottom-width: 1px;border-right-color: windowtext;border-right-width: 1px;padding: 0 7px"><p><span>&nbsp;</span></p><p><span style="font-family:宋体">《项目章程》</span></p></td><td width="95" valign="top" style="width: 95px;border-top-style: none;border-left-style: none;border-bottom-color: windowtext;border-bottom-width: 1px;border-right-color: windowtext;border-right-width: 1px;padding: 0 7px"><p style="text-align:center"><span>Sep &nbsp;29</span></p></td></tr><tr><td width="57" valign="top" style="width: 57px;border-top-style: none;border-left-style: none;border-bottom-color: windowtext;border-bottom-width: 1px;border-right-color: windowtext;border-right-width: 1px;padding: 0 7px"><p style="text-align:center"><span>4</span></p></td><td width="180" valign="top" style="width: 180px;border-top-style: none;border-left-style: none;border-bottom-color: windowtext;border-bottom-width: 1px;border-right-color: windowtext;border-right-width: 1px;padding: 0 7px"><p style="text-align:right"><span>UML summarize</span></p></td><td width="62" valign="top" style="width: 62px;border-top-style: none;border-left-style: none;border-bottom-color: windowtext;border-bottom-width: 1px;border-right-color: windowtext;border-right-width: 1px;padding: 0 7px"><p style="text-align:center"><span>&nbsp;</span></p></td><td width="175" valign="top" style="width: 175px;border-top-style: none;border-left-style: none;border-bottom-color: windowtext;border-bottom-width: 1px;border-right-color: windowtext;border-right-width: 1px;padding: 0 7px"><p><span style="font-family:宋体">《项目可行性报告》</span></p><p><span style="font-family:宋体">《项目总体计划》</span></p><p><span style="font-family:宋体;color:red">《需求工程计划</span><span style="color:red">-</span><span style="font-family:宋体;color:red">初步》</span></p></td><td width="95" valign="top" style="width: 95px;border-top-style: none;border-left-style: none;border-bottom-color: windowtext;border-bottom-width: 1px;border-right-color: windowtext;border-right-width: 1px;padding: 0 7px"><p style="text-align:center"><span>Oct &nbsp;12</span></p></td></tr><tr><td width="57" valign="top" style="width: 57px;border-top-style: none;border-left-style: none;border-bottom-color: windowtext;border-bottom-width: 1px;border-right-color: windowtext;border-right-width: 1px;padding: 0 7px"><p style="text-align:center"><span>5</span></p></td><td width="180" valign="top" style="width: 180px;border-top-style: none;border-left-style: none;border-bottom-color: windowtext;border-bottom-width: 1px;border-right-color: windowtext;border-right-width: 1px;padding: 0 7px"><p style="text-align:right"><span>UML tools: Rational Rose</span></p></td><td width="62" valign="top" style="width: 62px;border-top-style: none;border-left-style: none;border-bottom-color: windowtext;border-bottom-width: 1px;border-right-color: windowtext;border-right-width: 1px;padding: 0 7px"><p style="text-align:center"><span>&nbsp;</span></p></td><td width="175" valign="top" style="width: 175px;border-top-style: none;border-left-style: none;border-bottom-color: windowtext;border-bottom-width: 1px;border-right-color: windowtext;border-right-width: 1px;padding: 0 7px"><p><span>*</span><span style="font-family:宋体">《前景与范围》</span></p></td><td width="95" valign="top" style="width: 95px;border-top-style: none;border-left-style: none;border-bottom-color: windowtext;border-bottom-width: 1px;border-right-color: windowtext;border-right-width: 1px;padding: 0 7px"><p style="text-align:center"><span>Oct &nbsp;18</span></p></td></tr><tr><td width="57" valign="top" style="width: 57px;border-top-style: none;border-left-style: none;border-bottom-color: windowtext;border-bottom-width: 1px;border-right-color: windowtext;border-right-width: 1px;padding: 0 7px"><p style="text-align:center"><span>6</span></p></td><td width="180" valign="top" style="width: 180px;border-top-style: none;border-left-style: none;border-bottom-color: windowtext;border-bottom-width: 1px;border-right-color: windowtext;border-right-width: 1px;padding: 0 7px"><p style="text-align:right"><span>UML foundation 1</span></p></td><td width="62" valign="top" style="width: 62px;border-top-style: none;border-left-style: none;border-bottom-color: windowtext;border-bottom-width: 1px;border-right-color: windowtext;border-right-width: 1px;padding: 0 7px"><p style="text-align:center"><span>&nbsp;</span></p></td><td width="175" valign="top" style="width: 175px;border-top-style: none;border-left-style: none;border-bottom-color: windowtext;border-bottom-width: 1px;border-right-color: windowtext;border-right-width: 1px;padding: 0 7px"><p><span style="font-family:宋体">《质量保证计划》</span></p></td><td width="95" valign="top" style="width: 95px;border-top-style: none;border-left-style: none;border-bottom-color: windowtext;border-bottom-width: 1px;border-right-color: windowtext;border-right-width: 1px;padding: 0 7px"><p style="text-align:center"><span>Oct &nbsp;25</span></p></td></tr><tr><td width="57" valign="top" style="width: 57px;border-top-style: none;border-left-style: none;border-bottom-color: windowtext;border-bottom-width: 1px;border-right-color: windowtext;border-right-width: 1px;padding: 0 7px"><p style="text-align:center"><span>7</span></p></td><td width="180" valign="top" style="width: 180px;border-top-style: none;border-left-style: none;border-bottom-color: windowtext;border-bottom-width: 1px;border-right-color: windowtext;border-right-width: 1px;padding: 0 7px"><p style="text-align:right"><span>UML foundation 2</span></p></td><td width="62" valign="top" style="width: 62px;border-top-style: none;border-left-style: none;border-bottom-color: windowtext;border-bottom-width: 1px;border-right-color: windowtext;border-right-width: 1px;padding: 0 7px"><p style="text-align:center"><span>&nbsp;</span></p></td><td width="175" valign="top" style="width: 175px;border-top-style: none;border-left-style: none;border-bottom-color: windowtext;border-bottom-width: 1px;border-right-color: windowtext;border-right-width: 1px;padding: 0 7px"><p><span style="font-family:宋体;color:red">《需求工程计划》</span></p></td><td width="95" valign="top" style="width: 95px;border-top-style: none;border-left-style: none;border-bottom-color: windowtext;border-bottom-width: 1px;border-right-color: windowtext;border-right-width: 1px;padding: 0 7px"><p style="text-align:center"><span>Nov &nbsp;1</span></p></td></tr><tr><td width="57" valign="top" style="width: 57px;border-top-style: none;border-left-style: none;border-bottom-color: windowtext;border-bottom-width: 1px;border-right-color: windowtext;border-right-width: 1px;padding: 0 7px"><p style="text-align:center"><span>8</span></p></td><td width="180" valign="top" style="width: 180px;border-top-style: none;border-left-style: none;border-bottom-color: windowtext;border-bottom-width: 1px;border-right-color: windowtext;border-right-width: 1px;padding: 0 7px"><p><span>SRS acquisition</span></p></td><td width="62" valign="top" style="width: 62px;border-top-style: none;border-left-style: none;border-bottom-color: windowtext;border-bottom-width: 1px;border-right-color: windowtext;border-right-width: 1px;padding: 0 7px"><p style="text-align:center"><span>6,7</span></p></td><td width="175" valign="top" style="width: 175px;border-top-style: none;border-left-style: none;border-bottom-color: windowtext;border-bottom-width: 1px;border-right-color: windowtext;border-right-width: 1px;padding: 0 7px"><p><span>&nbsp;</span></p></td><td width="95" valign="top" style="width: 95px;border-top-style: none;border-left-style: none;border-bottom-color: windowtext;border-bottom-width: 1px;border-right-color: windowtext;border-right-width: 1px;padding: 0 7px"><p style="text-align:center"><span>&nbsp;</span></p></td></tr><tr><td width="57" valign="top" style="width: 57px;border-top-style: none;border-left-style: none;border-bottom-color: windowtext;border-bottom-width: 1px;border-right-color: windowtext;border-right-width: 1px;padding: 0 7px"><p style="text-align:center"><span style="font-family:宋体">考试周</span></p></td><td width="180" valign="top" style="width: 180px;border-top-style: none;border-left-style: none;border-bottom-color: windowtext;border-bottom-width: 1px;border-right-color: windowtext;border-right-width: 1px;padding: 0 7px"><p><span>&nbsp;</span></p></td><td width="62" valign="top" style="width: 62px;border-top-style: none;border-left-style: none;border-bottom-color: windowtext;border-bottom-width: 1px;border-right-color: windowtext;border-right-width: 1px;padding: 0 7px"><p style="text-align:center"><span>&nbsp;</span></p></td><td width="175" valign="top" style="width: 175px;border-top-style: none;border-left-style: none;border-bottom-color: windowtext;border-bottom-width: 1px;border-right-color: windowtext;border-right-width: 1px;padding: 0 7px"><p><span>* </span><span style="font-family:宋体">第</span><span>3</span><span style="font-family:宋体">至</span><span>8</span><span style="font-family:宋体">周小组例会纪要</span></p></td><td width="95" valign="top" style="width: 95px;border-top-style: none;border-left-style: none;border-bottom-color: windowtext;border-bottom-width: 1px;border-right-color: windowtext;border-right-width: 1px;padding: 0 7px"><p style="text-align:center"><span>Nov &nbsp;14</span></p></td></tr><tr><td width="47" rowspan="9" valign="top" style="width: 47px;border-right-color: windowtext;border-bottom-color: windowtext;border-left-color: windowtext;border-right-width: 1px;border-bottom-width: 1px;border-left-width: 1px;border-top-style: none;padding: 0 7px"><p style="text-align:center"><span style="font-family:宋体">冬</span></p><p style="text-align:center"><span style="font-family:宋体">学</span></p><p style="text-align:center"><span style="font-family:宋体">期</span></p></td><td width="57" valign="top" style="width: 57px;border-top-style: none;border-left-style: none;border-bottom-color: windowtext;border-bottom-width: 1px;border-right-color: windowtext;border-right-width: 1px;padding: 0 7px"><p style="text-align:center"><span>1</span></p></td><td width="180" valign="top" style="width: 180px;border-top-style: none;border-left-style: none;border-bottom-color: windowtext;border-bottom-width: 1px;border-right-color: windowtext;border-right-width: 1px;padding: 0 7px"><p><span>SRS analysis</span></p></td><td width="62" valign="top" style="width: 62px;border-top-style: none;border-left-style: none;border-bottom-color: windowtext;border-bottom-width: 1px;border-right-color: windowtext;border-right-width: 1px;padding: 0 7px"><p style="text-align:center"><span>8,9,14</span></p></td><td width="175" valign="top" style="width: 175px;border-top-style: none;border-left-style: none;border-bottom-color: windowtext;border-bottom-width: 1px;border-right-color: windowtext;border-right-width: 1px;padding: 0 7px"><p><span>&nbsp;</span></p></td><td width="95" valign="top" style="width: 95px;border-top-style: none;border-left-style: none;border-bottom-color: windowtext;border-bottom-width: 1px;border-right-color: windowtext;border-right-width: 1px;padding: 0 7px"><p style="text-align:center"><span>&nbsp;</span></p></td></tr><tr><td width="57" valign="top" style="width: 57px;border-top-style: none;border-left-style: none;border-bottom-color: windowtext;border-bottom-width: 1px;border-right-color: windowtext;border-right-width: 1px;padding: 0 7px"><p style="text-align:center"><span>2</span></p></td><td width="180" valign="top" style="width: 180px;border-top-style: none;border-left-style: none;border-bottom-color: windowtext;border-bottom-width: 1px;border-right-color: windowtext;border-right-width: 1px;padding: 0 7px"><p><span>SRS specification &amp; &nbsp;definition</span></p></td><td width="62" valign="top" style="width: 62px;border-top-style: none;border-left-style: none;border-bottom-color: windowtext;border-bottom-width: 1px;border-right-color: windowtext;border-right-width: 1px;padding: 0 7px"><p style="text-align:center"><span>10,11,(12)</span></p></td><td width="175" valign="top" style="width: 175px;border-top-style: none;border-left-style: none;border-bottom-color: windowtext;border-bottom-width: 1px;border-right-color: windowtext;border-right-width: 1px;padding: 0 7px"><p><span>&nbsp;</span></p></td><td width="95" valign="top" style="width: 95px;border-top-style: none;border-left-style: none;border-bottom-color: windowtext;border-bottom-width: 1px;border-right-color: windowtext;border-right-width: 1px;padding: 0 7px"><p style="text-align:center"><span>&nbsp;</span></p></td></tr><tr><td width="57" valign="top" style="width: 57px;border-top-style: none;border-left-style: none;border-bottom-color: windowtext;border-bottom-width: 1px;border-right-color: windowtext;border-right-width: 1px;padding: 0 7px"><p style="text-align:center"><span>3</span></p></td><td width="180" valign="top" style="width: 180px;border-top-style: none;border-left-style: none;border-bottom-color: windowtext;border-bottom-width: 1px;border-right-color: windowtext;border-right-width: 1px;padding: 0 7px"><p><span>SRS verification &amp; &nbsp;validation</span></p></td><td width="62" valign="top" style="width: 62px;border-top-style: none;border-left-style: none;border-bottom-color: windowtext;border-bottom-width: 1px;border-right-color: windowtext;border-right-width: 1px;padding: 0 7px"><p style="text-align:center"><span>15,(16,17)</span></p></td><td width="175" valign="top" style="width: 175px;border-top-style: none;border-left-style: none;border-bottom-color: windowtext;border-bottom-width: 1px;border-right-color: windowtext;border-right-width: 1px;padding: 0 7px"><p><span style="font-family:宋体;color:red">《软件需求规格说明书》</span></p></td><td width="95" valign="top" style="width: 95px;border-top-style: none;border-left-style: none;border-bottom-color: windowtext;border-bottom-width: 1px;border-right-color: windowtext;border-right-width: 1px;padding: 0 7px"><p style="text-align:center"><span>Dec &nbsp;6</span></p></td></tr><tr><td width="57" valign="top" style="width: 57px;border-top-style: none;border-left-style: none;border-bottom-color: windowtext;border-bottom-width: 1px;border-right-color: windowtext;border-right-width: 1px;padding: 0 7px"><p style="text-align:center"><span>4</span></p></td><td width="180" valign="top" style="width: 180px;border-top-style: none;border-left-style: none;border-bottom-color: windowtext;border-bottom-width: 1px;border-right-color: windowtext;border-right-width: 1px;padding: 0 7px"><p style="text-align:right"><span>UML foundation 3</span></p></td><td width="62" valign="top" style="width: 62px;border-top-style: none;border-left-style: none;border-bottom-color: windowtext;border-bottom-width: 1px;border-right-color: windowtext;border-right-width: 1px;padding: 0 7px"><p style="text-align:center"><span>&nbsp;</span></p></td><td width="175" valign="top" style="width: 175px;border-top-style: none;border-left-style: none;border-bottom-color: windowtext;border-bottom-width: 1px;border-right-color: windowtext;border-right-width: 1px;padding: 0 7px"><p><span style="color:blue">*</span><span style="font-family:宋体;color:blue">《系统设计计划》</span></p><p><span>*</span><span style="font-family:宋体">《需求变更控制会规程》</span></p></td><td width="95" valign="top" style="width: 95px;border-top-style: none;border-left-style: none;border-bottom-color: windowtext;border-bottom-width: 1px;border-right-color: windowtext;border-right-width: 1px;padding: 0 7px"><p style="text-align:center"><span>Dec &nbsp;13</span></p></td></tr><tr><td width="57" valign="top" style="width: 57px;border-top-style: none;border-left-style: none;border-bottom-color: windowtext;border-bottom-width: 1px;border-right-color: windowtext;border-right-width: 1px;padding: 0 7px"><p style="text-align:center"><span>5</span></p></td><td width="180" valign="top" style="width: 180px;border-top-style: none;border-left-style: none;border-bottom-color: windowtext;border-bottom-width: 1px;border-right-color: windowtext;border-right-width: 1px;padding: 0 7px"><p style="text-align:right"><span>UML foundation 4</span></p></td><td width="62" valign="top" style="width: 62px;border-top-style: none;border-left-style: none;border-bottom-color: windowtext;border-bottom-width: 1px;border-right-color: windowtext;border-right-width: 1px;padding: 0 7px"><p style="text-align:center"><span>&nbsp;</span></p></td><td width="175" valign="top" style="width: 175px;border-top-style: none;border-left-style: none;border-bottom-color: windowtext;border-bottom-width: 1px;border-right-color: windowtext;border-right-width: 1px;padding: 0 7px"><p><span style="color:blue">*</span><span style="font-family:宋体;color:blue">《系统编码与实现计划》</span></p><p><span style="color:blue">*</span><span style="font-family:宋体;color:blue">《测试计划》</span></p></td><td width="95" valign="top" style="width: 95px;border-top-style: none;border-left-style: none;border-bottom-color: windowtext;border-bottom-width: 1px;border-right-color: windowtext;border-right-width: 1px;padding: 0 7px"><p style="text-align:center"><span>Dec &nbsp;20</span></p></td></tr><tr><td width="57" valign="top" style="width: 57px;border-top-style: none;border-left-style: none;border-bottom-color: windowtext;border-bottom-width: 1px;border-right-color: windowtext;border-right-width: 1px;padding: 0 7px"><p style="text-align:center"><span>6</span></p></td><td width="180" valign="top" style="width: 180px;border-top-style: none;border-left-style: none;border-bottom-color: windowtext;border-bottom-width: 1px;border-right-color: windowtext;border-right-width: 1px;padding: 0 7px"><p><span>SRS management</span></p></td><td width="62" valign="top" style="width: 62px;border-top-style: none;border-left-style: none;border-bottom-color: windowtext;border-bottom-width: 1px;border-right-color: windowtext;border-right-width: 1px;padding: 0 7px"><p style="text-align:center"><span>18,19,20,21</span></p></td><td width="175" valign="top" style="width: 175px;border-top-style: none;border-left-style: none;border-bottom-color: windowtext;border-bottom-width: 1px;border-right-color: windowtext;border-right-width: 1px;padding: 0 7px"><p><span style="font-family:宋体;color:red">《需求变更控制文档》</span></p><p><span style="color:blue">*</span><span style="font-family:宋体;color:blue">《用户手册》</span></p></td><td width="95" valign="top" style="width: 95px;border-top-style: none;border-left-style: none;border-bottom-color: windowtext;border-bottom-width: 1px;border-right-color: windowtext;border-right-width: 1px;padding: 0 7px"><p style="text-align:center"><span>Dec &nbsp;27</span></p></td></tr><tr><td width="57" valign="top" style="width: 57px;border-top-style: none;border-left-style: none;border-bottom-color: windowtext;border-bottom-width: 1px;border-right-color: windowtext;border-right-width: 1px;padding: 0 7px"><p style="text-align:center"><span>7</span></p></td><td width="180" valign="top" style="width: 180px;border-top-style: none;border-left-style: none;border-bottom-color: windowtext;border-bottom-width: 1px;border-right-color: windowtext;border-right-width: 1px;padding: 0 7px"><p style="text-align:right"><span>UML &amp; design pattern</span></p></td><td width="62" valign="top" style="width: 62px;border-top-style: none;border-left-style: none;border-bottom-color: windowtext;border-bottom-width: 1px;border-right-color: windowtext;border-right-width: 1px;padding: 0 7px"><p style="text-align:center"><span style="color:red">&nbsp;</span></p></td><td width="175" valign="top" style="width: 175px;border-top-style: none;border-left-style: none;border-bottom-color: windowtext;border-bottom-width: 1px;border-right-color: windowtext;border-right-width: 1px;padding: 0 7px"><p><span style="font-family:宋体;color:red">《软件概要设计说明》</span></p><p><span style="color:blue">*</span><span style="font-family:宋体;color:blue">《工程部署计划》</span></p><p><span style="color:blue">*</span><span style="font-family:宋体;color:blue">《培训计划》</span></p><p><span style="color:blue">*</span><span style="font-family:宋体;color:blue">《系统维护计划》</span></p><p><span style="font-family:宋体">《项目总结报告》</span></p></td><td width="95" valign="top" style="width: 95px;border-top-style: none;border-left-style: none;border-bottom-color: windowtext;border-bottom-width: 1px;border-right-color: windowtext;border-right-width: 1px;padding: 0 7px"><p style="text-align:center"><span>Jan &nbsp;3</span></p></td></tr><tr><td width="57" valign="top" style="width: 57px;border-top-style: none;border-left-style: none;border-bottom-color: windowtext;border-bottom-width: 1px;border-right-color: windowtext;border-right-width: 1px;padding: 0 7px"><p style="text-align:center"><span>8</span></p></td><td width="180" valign="top" style="width: 180px;border-top-style: none;border-left-style: none;border-bottom-color: windowtext;border-bottom-width: 1px;border-right-color: windowtext;border-right-width: 1px;padding: 0 7px"><p><span style="font-family:宋体">答辩与评价；经验交流</span></p></td><td width="62" valign="top" style="width: 62px;border-top-style: none;border-left-style: none;border-bottom-color: windowtext;border-bottom-width: 1px;border-right-color: windowtext;border-right-width: 1px;padding: 0 7px"><p style="text-align:center"><span>&nbsp;</span></p></td><td width="175" valign="top" style="width: 175px;border-top-style: none;border-left-style: none;border-bottom-color: windowtext;border-bottom-width: 1px;border-right-color: windowtext;border-right-width: 1px;padding: 0 7px"><p><span>* </span><span style="font-family:宋体">全部小组例会纪要</span></p></td><td width="95" valign="top" style="width: 95px;border-top-style: none;border-left-style: none;border-bottom-color: windowtext;border-bottom-width: 1px;border-right-color: windowtext;border-right-width: 1px;padding: 0 7px"><p style="text-align:center"><span>Jan &nbsp;10</span></p></td></tr><tr><td width="57" valign="top" style="width: 57px;border-top-style: none;border-left-style: none;border-bottom-color: windowtext;border-bottom-width: 1px;border-right-color: windowtext;border-right-width: 1px;padding: 0 7px"><p style="text-align:center"><span style="font-family:宋体">考试周</span></p></td><td width="180" valign="top" style="width: 180px;border-top-style: none;border-left-style: none;border-bottom-color: windowtext;border-bottom-width: 1px;border-right-color: windowtext;border-right-width: 1px;padding: 0 7px"><p><span>&nbsp;</span></p></td><td width="62" valign="top" style="width: 62px;border-top-style: none;border-left-style: none;border-bottom-color: windowtext;border-bottom-width: 1px;border-right-color: windowtext;border-right-width: 1px;padding: 0 7px"><p style="text-align:center"><span>&nbsp;</span></p></td><td width="175" valign="top" style="width: 175px;border-top-style: none;border-left-style: none;border-bottom-color: windowtext;border-bottom-width: 1px;border-right-color: windowtext;border-right-width: 1px;padding: 0 7px"><p><span>&nbsp;</span></p></td><td width="95" valign="top" style="width: 95px;border-top-style: none;border-left-style: none;border-bottom-color: windowtext;border-bottom-width: 1px;border-right-color: windowtext;border-right-width: 1px;padding: 0 7px"><p style="text-align:center"><span>&nbsp;</span></p></td></tr></tbody></table><p><span>&nbsp;</span></p><p><span style="font-family:宋体">说明：</span></p><p style="margin-left:28px"><span>1.<span style="font-size: 9px;line-height: normal;font-family: &#39;Times New Roman&#39;">&nbsp;&nbsp;&nbsp;&nbsp;&nbsp;&nbsp;&nbsp;&nbsp;</span></span><span style="font-family:宋体">秋学期第</span><span>3</span><span style="font-family:宋体">周至冬学期第</span><span>3</span><span style="font-family:宋体">周大致为需求开发阶段；冬学期第</span><span>4</span><span style="font-family:宋体">至</span><span>7</span><span style="font-family:宋体">周大致为需求维护管理阶段。</span></p><p style="margin-left:28px"><span>2.<span style="font-size: 9px;line-height: normal;font-family: &#39;Times New Roman&#39;">&nbsp;&nbsp;&nbsp;&nbsp;&nbsp;&nbsp;&nbsp;&nbsp;</span></span><span style="font-family:宋体">上表体现了课程教学小组对本课程的安排。每个小组应按照自身对项目的理解，自行独立制定项目计划。上表中的“项目任务（及里程碑）”及“截止日期”两列，仅作为各小组制定工作计划的时间框架参考，不代表最佳安排或者合理安排。</span></p><p style="margin-left:56px"><span style="font-family:Wingdings">l<span style="font-size: 9px;line-height: normal;font-family: &#39;Times New Roman&#39;">&nbsp; </span></span><span style="font-family:宋体">红色表示的文档（及其截止日期）应该在各项目小组的计划中，且具体安排完成时间不得迟于上表给出的指导性时间。若推迟提交，则每推迟一周扣该文档满分的</span><span>10% </span><span style="font-family:宋体">——</span><span style="font-family:宋体">“可提早，不可推迟”。</span></p><p style="margin-left:56px"><span style="font-family:Wingdings">l<span style="font-size: 9px;line-height: normal;font-family: &#39;Times New Roman&#39;">&nbsp; </span></span><span style="font-family:宋体">不带星号（</span><span>*</span><span style="font-family:宋体">）的文档必须完成并提交，带星号（</span><span>*</span><span style="font-family:宋体">）的表示选做。</span></p><p style="margin-left:28px"><span>3.<span style="font-size: 9px;line-height: normal;font-family: &#39;Times New Roman&#39;">&nbsp;&nbsp;&nbsp;&nbsp;&nbsp;&nbsp;&nbsp;&nbsp;</span></span><span style="font-family:宋体">各小组每周（至少）一次例会，有正式的例会纪要，简述刚过去的一周的进展和下一两周的计划。</span></p><p><br/></p>', '<p><span style="font-family:宋体">《软件需求》第</span><span>2</span><span style="font-family:宋体">版，</span><span>[</span><span style="font-family:宋体">美</span><span>] Karl E. Wiegers </span><span style="font-family:宋体">著，刘伟琴、刘洪涛</span><span style="font-family:宋体">译，</span><span>2004</span><span style="font-family:宋体">年</span><span>11</span><span style="font-family:宋体">月第</span><span>1</span><span style="font-family:宋体">版，清华大学出版社。</span></p><p><span style="font-family:宋体">《软件需求》，</span><span>[</span><span style="font-family:宋体">美</span><span>] Karl E. Wiegers </span><span style="font-family:宋体">著，陆丽娜、王忠民、王志敏</span><span style="font-family:宋体">译，</span><span>2002</span><span style="font-family:宋体">年</span><span>7</span><span style="font-family:宋体">月第</span><span>1</span><span style="font-family:宋体">版，机械工业出版社。</span></p><p><span style="font-family:宋体">《统一软件开发过程》，</span><span>[</span><span style="font-family:宋体">美</span><span>] Ivar Jacobson, Grady Booch, James Rambaugh </span><span style="font-family:宋体">著，周伯生、冯学民、樊东平</span> <span style="font-family:宋体">译，</span><span>2002</span><span style="font-family:宋体">年</span><span>1</span><span style="font-family:宋体">月第</span><span>1</span><span style="font-family:宋体">版，机械工业出版社。</span></p><p><span style="font-family:宋体">《软件需求管理</span><span>-</span><span style="font-family:宋体">统一方法》，</span><span>[</span><span style="font-family:宋体">美</span><span>] Dean Leffingwell Don Widrig </span><span style="font-family:宋体">著，蒋慧、林东</span> <span style="font-family:宋体">译，</span><span>2003</span><span style="font-family:宋体">年第</span><span>1</span><span style="font-family:宋体">版，机械工业出版社。</span></p><p><span style="font-family:宋体">《面向对象技术</span><span>UML</span><span style="font-family:宋体">教程》，王少锋</span><span style="font-family:宋体">编著，清华大学出版社。</span></p><p><span style="font-family:宋体">《面向对象设计</span><span>UML</span><span style="font-family:宋体">实践》，</span><span>Mark Priestley</span><span style="font-family:宋体">著，龚晓庆、卞雷等译，王少锋审，清华大学出版社。</span></p><p><span style="font-family:宋体">《</span><span>Practical Object-oriented Design with UML</span><span style="font-family:宋体">》</span><span> 2th Edition</span><span style="font-family:宋体">，</span><span>Markpriestley</span><span style="font-family:宋体">，清华大学出版社。</span></p><p><span style="font-family:宋体">《</span><span>UML</span><span style="font-family:宋体">用户指南》第</span><span>2</span><span style="font-family:宋体">版，</span><span>Grady Booch </span><span style="font-family:宋体">等著，邵维忠、麻志毅、马浩海、刘辉</span><span style="font-family:宋体">译，人民邮电出版社。</span></p><p><span style="font-family:宋体">《</span><span>UML</span><span style="font-family:宋体">与</span><span>Rational Rose2002</span><span style="font-family:宋体">从入门到精通》，</span><span>Wendy Boggs</span><span style="font-family:宋体">等著，邱促潘等译，电子工业出版社。</span></p><p><br/></p>');
INSERT INTO `outline` (`course`, `target`, `requirement`, `arrangement`, `recommendation`) VALUES
(2, '<p><span style="font-family:宋体">作为软件工程体系课程的重要组成部分，本课程培养学生今后作为软件项目开发人员涉及相关工作职责与管理技能等。通过案例分析和练习，使学生掌握项目管理的基本概念和方法，从软件项目的选择立项、计划、执行、控制、评价和终止过程指导学生理解软件开发的成本、时间、资源和性能约束的实践性管理问题，建立项目目标和客户满意的项目运做实践体系。通过案例分析，使学生在实践中合理选择软件生命周期模型，应用计划管理、成本管理、时间管理、资源管理、质量管理工具，实现项目目标。</span></p>', '<p><span style="font-family:宋体"></span><span style="font-size:37px"><span style=";color:#F0AD00;font-family:&#39;Wingdings 2&#39;;font-size:80%"></span></span><span style="font-family: &#39;Wingdings 2&#39;; color: rgb(240, 173, 0);">¡</span><span style="font-family: 宋体; color: black;">两门课程统一项目作业考核，考核按照不同课程要求分开</span></p><p><span style="font-family: &#39;Wingdings 2&#39;;color: rgb(240, 173, 0)">¡</span><span style="font-family: 宋体;color: black">考核项目模式</span></p><p style="text-indent:31px;text-autospace:none"><span style="font-family: Wingdings;color: rgb(96, 181, 204)">§</span><span style="font-family: 宋体;color: black">案例分析（<span>C1</span>，知识点考察）</span></p><p style="text-indent:31px;text-autospace:none"><span style="font-family: Wingdings;color: rgb(96, 181, 204)">§</span><span style="font-family: 宋体;color: black">分组项目实践（<span>C2</span>，项目设计与运作能力考察）</span></p><p><span style="font-family: &#39;Wingdings 2&#39;;color: rgb(240, 173, 0)">¡</span><span style="font-family: 宋体;color: black">考核与成绩评定模式</span></p><p style="text-indent:31px;text-autospace:none"><span style="font-family: Wingdings;color: rgb(96, 181, 204)">§</span><span style="font-family: 宋体;color: black">项目管理（<span>PM</span>，重点考察项目开发过程和知识点）</span></p><p style="text-indent:57px;text-autospace:none"><span style="font-family: Arial, sans-serif;color: rgb(230, 108, 125)">▪</span><span style="font-family: 宋体;color: black">包含<span>PM</span>和<span>SRA&amp;D</span>内容（<span>PM=C1+C2</span>：<span>C1</span>：<span>30%</span>，<span>C2</span>：<span>70%</span>）</span></p><p style="text-indent:31px;text-autospace:none"><span style="font-family: Wingdings;color: rgb(96, 181, 204)">§</span><span style="font-family: 宋体;color: black">需求分析与设计（<span>SRA&amp;D</span>，重点考察需求分析，需求管理与设计）针对项目需求与设计部分考核（<span>SRA&amp;D=100</span>，<span>C2</span>）</span></p>', '<table border="0" cellspacing="0" cellpadding="0" width="100%" style="width: 100%;background-color: rgb(247, 248, 253)"><thead><tr><td width="5%" style="width: 5%;border-color: rgb(203, 209, 231);border-width: 1px;background-color: rgb(233, 236, 247);padding: 3px"><p style="text-align:center"><strong><span style="font-size:12px;font-family:宋体">周次</span></strong><strong></strong></p></td><td width="10%" style="width: 10%;border-top-color: rgb(203, 209, 231);border-right-color: rgb(203, 209, 231);border-bottom-color: rgb(203, 209, 231);border-top-width: 1px;border-right-width: 1px;border-bottom-width: 1px;border-left-style: none;background-color: rgb(233, 236, 247);padding: 3px"><p style="text-align:center"><strong><span style="font-size:12px;font-family:宋体">日期</span></strong><strong></strong></p></td><td width="42%" style="width: 42%;border-top-color: rgb(203, 209, 231);border-right-color: rgb(203, 209, 231);border-bottom-color: rgb(203, 209, 231);border-top-width: 1px;border-right-width: 1px;border-bottom-width: 1px;border-left-style: none;background-color: rgb(233, 236, 247);padding: 3px"><p style="text-align:center"><strong><span style="font-size:12px;font-family:宋体">教学内容</span></strong><strong></strong></p></td><td width="43%" style="width: 43%;border-top-color: rgb(203, 209, 231);border-right-color: rgb(203, 209, 231);border-bottom-color: rgb(203, 209, 231);border-top-width: 1px;border-right-width: 1px;border-bottom-width: 1px;border-left-style: none;background-color: rgb(233, 236, 247);padding: 3px"><p style="text-align:center"><strong><span style="font-size:12px;font-family:宋体">教学要求</span></strong><strong></strong></p></td></tr></thead><tbody><tr><td width="5%" style="width: 5%;border-right-color: rgb(203, 209, 231);border-bottom-color: rgb(203, 209, 231);border-left-color: rgb(203, 209, 231);border-right-width: 1px;border-bottom-width: 1px;border-left-width: 1px;border-top-style: none;background-color: rgb(233, 236, 247);padding: 3px"><p style="text-align:center"><strong><span style="font-size:12px;font-family:&#39;Arial&#39;,&#39;sans-serif&#39;">1</span></strong></p></td><td width="10%" style="width: 10%;border-top-style: none;border-left-style: none;border-bottom-color: rgb(203, 209, 231);border-bottom-width: 1px;border-right-color: rgb(203, 209, 231);border-right-width: 1px;padding: 3px"><p><span style="font-size:12px;font-family:&#39;Arial&#39;,&#39;sans-serif&#39;">2.13-2.17</span></p></td><td width="42%" style="width: 42%;border-top-style: none;border-left-style: none;border-bottom-color: rgb(203, 209, 231);border-bottom-width: 1px;border-right-color: rgb(203, 209, 231);border-right-width: 1px;padding: 3px"><p><span style="font-size:12px;font-family:&#39;Arial&#39;,&#39;sans-serif&#39;">1. Introduction</span></p></td><td width="43%" style="width: 43%;border-top-style: none;border-left-style: none;border-bottom-color: rgb(203, 209, 231);border-bottom-width: 1px;border-right-color: rgb(203, 209, 231);border-right-width: 1px;padding: 3px"><p><span style="font-size:12px;font-family:宋体">贯穿全学期的课程作业</span></p></td></tr><tr><td width="5%" style="width: 5%;border-right-color: rgb(203, 209, 231);border-bottom-color: rgb(203, 209, 231);border-left-color: rgb(203, 209, 231);border-right-width: 1px;border-bottom-width: 1px;border-left-width: 1px;border-top-style: none;background-color: rgb(233, 236, 247);padding: 3px"><p style="text-align:center"><strong><span style="font-size:12px;font-family:&#39;Arial&#39;,&#39;sans-serif&#39;">2</span></strong></p></td><td width="10%" style="width: 10%;border-top-style: none;border-left-style: none;border-bottom-color: rgb(203, 209, 231);border-bottom-width: 1px;border-right-color: rgb(203, 209, 231);border-right-width: 1px;padding: 3px"><p><span style="font-size:12px;font-family:&#39;Arial&#39;,&#39;sans-serif&#39;">2.20-2.24</span></p></td><td width="42%" style="width: 42%;border-top-style: none;border-left-style: none;border-bottom-color: rgb(203, 209, 231);border-bottom-width: 1px;border-right-color: rgb(203, 209, 231);border-right-width: 1px;padding: 3px"><p><span style="font-size:12px;font-family:&#39;Arial&#39;,&#39;sans-serif&#39;">2. Project, PM and Software &nbsp;PM</span></p></td><td width="43%" style="width: 43%;border-top-style: none;border-left-style: none;border-bottom-color: rgb(203, 209, 231);border-bottom-width: 1px;border-right-color: rgb(203, 209, 231);border-right-width: 1px;padding: 3px"><p><span style="font-size:12px;font-family:宋体">贯穿全学期的课程作业</span></p></td></tr><tr><td width="5%" style="width: 5%;border-right-color: rgb(203, 209, 231);border-bottom-color: rgb(203, 209, 231);border-left-color: rgb(203, 209, 231);border-right-width: 1px;border-bottom-width: 1px;border-left-width: 1px;border-top-style: none;background-color: rgb(233, 236, 247);padding: 3px"><p style="text-align:center"><strong><span style="font-size:12px;font-family:&#39;Arial&#39;,&#39;sans-serif&#39;">3</span></strong></p></td><td width="10%" style="width: 10%;border-top-style: none;border-left-style: none;border-bottom-color: rgb(203, 209, 231);border-bottom-width: 1px;border-right-color: rgb(203, 209, 231);border-right-width: 1px;padding: 3px"><p><span style="font-size:12px;font-family:&#39;Arial&#39;,&#39;sans-serif&#39;">2.27-3.2</span></p></td><td width="42%" style="width: 42%;border-top-style: none;border-left-style: none;border-bottom-color: rgb(203, 209, 231);border-bottom-width: 1px;border-right-color: rgb(203, 209, 231);border-right-width: 1px;padding: 3px"><p><span style="font-size:12px;font-family:&#39;Arial&#39;,&#39;sans-serif&#39;">3. Identifying and Selecting &nbsp;Projects</span></p></td><td width="43%" style="width: 43%;border-top-style: none;border-left-style: none;border-bottom-color: rgb(203, 209, 231);border-bottom-width: 1px;border-right-color: rgb(203, 209, 231);border-right-width: 1px;padding: 3px"><p><span style="font-size:12px;font-family:宋体">贯穿全学期的课程作业</span></p></td></tr><tr><td width="5%" style="width: 5%;border-right-color: rgb(203, 209, 231);border-bottom-color: rgb(203, 209, 231);border-left-color: rgb(203, 209, 231);border-right-width: 1px;border-bottom-width: 1px;border-left-width: 1px;border-top-style: none;background-color: rgb(233, 236, 247);padding: 3px"><p style="text-align:center"><strong><span style="font-size:12px;font-family:&#39;Arial&#39;,&#39;sans-serif&#39;">4</span></strong></p></td><td width="10%" style="width: 10%;border-top-style: none;border-left-style: none;border-bottom-color: rgb(203, 209, 231);border-bottom-width: 1px;border-right-color: rgb(203, 209, 231);border-right-width: 1px;padding: 3px"><p><span style="font-size:12px;font-family:&#39;Arial&#39;,&#39;sans-serif&#39;">3.5-3.9</span></p></td><td width="42%" style="width: 42%;border-top-style: none;border-left-style: none;border-bottom-color: rgb(203, 209, 231);border-bottom-width: 1px;border-right-color: rgb(203, 209, 231);border-right-width: 1px;padding: 3px"><p><span style="font-size:12px;font-family:&#39;Arial&#39;,&#39;sans-serif&#39;">4. Project Process Models, &nbsp;Lifecycles</span></p></td><td width="43%" style="width: 43%;border-top-style: none;border-left-style: none;border-bottom-color: rgb(203, 209, 231);border-bottom-width: 1px;border-right-color: rgb(203, 209, 231);border-right-width: 1px;padding: 3px"><p><span style="font-size:12px;font-family:宋体">贯穿全学期的课程作业</span></p></td></tr><tr><td width="5%" style="width: 5%;border-right-color: rgb(203, 209, 231);border-bottom-color: rgb(203, 209, 231);border-left-color: rgb(203, 209, 231);border-right-width: 1px;border-bottom-width: 1px;border-left-width: 1px;border-top-style: none;background-color: rgb(233, 236, 247);padding: 3px"><p style="text-align:center"><strong><span style="font-size:12px;font-family:&#39;Arial&#39;,&#39;sans-serif&#39;">5</span></strong></p></td><td width="10%" style="width: 10%;border-top-style: none;border-left-style: none;border-bottom-color: rgb(203, 209, 231);border-bottom-width: 1px;border-right-color: rgb(203, 209, 231);border-right-width: 1px;padding: 3px"><p><span style="font-size:12px;font-family:&#39;Arial&#39;,&#39;sans-serif&#39;">3.12-3.16</span></p></td><td width="42%" style="width: 42%;border-top-style: none;border-left-style: none;border-bottom-color: rgb(203, 209, 231);border-bottom-width: 1px;border-right-color: rgb(203, 209, 231);border-right-width: 1px;padding: 3px"><p><span style="font-size:12px;font-family:&#39;Arial&#39;,&#39;sans-serif&#39;">5. Planning, Work Breakdown, &nbsp;Tasks &amp; Activities</span></p></td><td width="43%" style="width: 43%;border-top-style: none;border-left-style: none;border-bottom-color: rgb(203, 209, 231);border-bottom-width: 1px;border-right-color: rgb(203, 209, 231);border-right-width: 1px;padding: 3px"><p><span style="font-size:12px;font-family:宋体">贯穿全学期的课程作业</span></p></td></tr><tr><td width="5%" style="width: 5%;border-right-color: rgb(203, 209, 231);border-bottom-color: rgb(203, 209, 231);border-left-color: rgb(203, 209, 231);border-right-width: 1px;border-bottom-width: 1px;border-left-width: 1px;border-top-style: none;background-color: rgb(233, 236, 247);padding: 3px"><p style="text-align:center"><strong><span style="font-size:12px;font-family:&#39;Arial&#39;,&#39;sans-serif&#39;">6</span></strong></p></td><td width="10%" style="width: 10%;border-top-style: none;border-left-style: none;border-bottom-color: rgb(203, 209, 231);border-bottom-width: 1px;border-right-color: rgb(203, 209, 231);border-right-width: 1px;padding: 3px"><p><span style="font-size:12px;font-family:&#39;Arial&#39;,&#39;sans-serif&#39;">3.19-3.23</span></p></td><td width="42%" style="width: 42%;border-top-style: none;border-left-style: none;border-bottom-color: rgb(203, 209, 231);border-bottom-width: 1px;border-right-color: rgb(203, 209, 231);border-right-width: 1px;padding: 3px"><p><span style="font-size:12px;font-family:&#39;Arial&#39;,&#39;sans-serif&#39;">6. Project Organizations</span><span style="font-size:12px;font-family:宋体">、</span><span style="font-size:12px;font-family:&#39;Arial&#39;,&#39;sans-serif&#39;">Stakeholder Management</span><span style="font-size:12px;font-family:宋体">、</span><span style="font-size:12px;font-family:&#39;Arial&#39;,&#39;sans-serif&#39;">Pro</span></p></td><td width="43%" style="width: 43%;border-top-style: none;border-left-style: none;border-bottom-color: rgb(203, 209, 231);border-bottom-width: 1px;border-right-color: rgb(203, 209, 231);border-right-width: 1px;padding: 3px"><p><span style="font-size:12px;font-family:宋体">贯穿全学期的课程作业</span></p></td></tr><tr><td width="5%" style="width: 5%;border-right-color: rgb(203, 209, 231);border-bottom-color: rgb(203, 209, 231);border-left-color: rgb(203, 209, 231);border-right-width: 1px;border-bottom-width: 1px;border-left-width: 1px;border-top-style: none;background-color: rgb(233, 236, 247);padding: 3px"><p style="text-align:center"><strong><span style="font-size:12px;font-family:&#39;Arial&#39;,&#39;sans-serif&#39;">7</span></strong></p></td><td width="10%" style="width: 10%;border-top-style: none;border-left-style: none;border-bottom-color: rgb(203, 209, 231);border-bottom-width: 1px;border-right-color: rgb(203, 209, 231);border-right-width: 1px;padding: 3px"><p><span style="font-size:12px;font-family:&#39;Arial&#39;,&#39;sans-serif&#39;">3.26-4.1</span></p></td><td width="42%" style="width: 42%;border-top-style: none;border-left-style: none;border-bottom-color: rgb(203, 209, 231);border-bottom-width: 1px;border-right-color: rgb(203, 209, 231);border-right-width: 1px;padding: 3px"><p><span style="font-size:12px;font-family:&#39;Arial&#39;,&#39;sans-serif&#39;">7. Estimation &amp; &nbsp;Scheduling I</span></p></td><td width="43%" style="width: 43%;border-top-style: none;border-left-style: none;border-bottom-color: rgb(203, 209, 231);border-bottom-width: 1px;border-right-color: rgb(203, 209, 231);border-right-width: 1px;padding: 3px"><p><span style="font-size:12px;font-family:宋体">贯穿全学期的课程作业</span></p></td></tr><tr><td width="5%" style="width: 5%;border-right-color: rgb(203, 209, 231);border-bottom-color: rgb(203, 209, 231);border-left-color: rgb(203, 209, 231);border-right-width: 1px;border-bottom-width: 1px;border-left-width: 1px;border-top-style: none;background-color: rgb(233, 236, 247);padding: 3px"><p style="text-align:center"><strong><span style="font-size:12px;font-family:&#39;Arial&#39;,&#39;sans-serif&#39;">8</span></strong></p></td><td width="10%" style="width: 10%;border-top-style: none;border-left-style: none;border-bottom-color: rgb(203, 209, 231);border-bottom-width: 1px;border-right-color: rgb(203, 209, 231);border-right-width: 1px;padding: 3px"><p><span style="font-size:12px;font-family:&#39;Arial&#39;,&#39;sans-serif&#39;">4.5-4.6</span></p></td><td width="42%" style="width: 42%;border-top-style: none;border-left-style: none;border-bottom-color: rgb(203, 209, 231);border-bottom-width: 1px;border-right-color: rgb(203, 209, 231);border-right-width: 1px;padding: 3px"><p><span style="font-size:12px;font-family:&#39;Arial&#39;,&#39;sans-serif&#39;">8. Estimation &amp; &nbsp;Scheduling II</span></p></td><td width="43%" style="width: 43%;border-top-style: none;border-left-style: none;border-bottom-color: rgb(203, 209, 231);border-bottom-width: 1px;border-right-color: rgb(203, 209, 231);border-right-width: 1px;padding: 3px"><p><span style="font-size:12px;font-family:宋体">贯穿全学期的课程作业</span></p></td></tr><tr><td width="5%" style="width: 5%;border-right-color: rgb(203, 209, 231);border-bottom-color: rgb(203, 209, 231);border-left-color: rgb(203, 209, 231);border-right-width: 1px;border-bottom-width: 1px;border-left-width: 1px;border-top-style: none;background-color: rgb(233, 236, 247);padding: 3px"><p style="text-align:center"><strong><span style="font-size:12px;font-family:&#39;Arial&#39;,&#39;sans-serif&#39;">9</span></strong></p></td><td width="10%" style="width: 10%;border-top-style: none;border-left-style: none;border-bottom-color: rgb(203, 209, 231);border-bottom-width: 1px;border-right-color: rgb(203, 209, 231);border-right-width: 1px;padding: 3px"><p><span style="font-size:12px;font-family:&#39;Arial&#39;,&#39;sans-serif&#39;">4.16-4.20</span></p></td><td width="42%" style="width: 42%;border-top-style: none;border-left-style: none;border-bottom-color: rgb(203, 209, 231);border-bottom-width: 1px;border-right-color: rgb(203, 209, 231);border-right-width: 1px;padding: 3px"><p><span style="font-size:12px;font-family:&#39;Arial&#39;,&#39;sans-serif&#39;">9. Project Scheduling III</span></p></td><td width="43%" style="width: 43%;border-top-style: none;border-left-style: none;border-bottom-color: rgb(203, 209, 231);border-bottom-width: 1px;border-right-color: rgb(203, 209, 231);border-right-width: 1px;padding: 3px"><p><span style="font-size:12px;font-family:宋体">贯穿全学期的课程作业</span></p></td></tr><tr><td width="5%" style="width: 5%;border-right-color: rgb(203, 209, 231);border-bottom-color: rgb(203, 209, 231);border-left-color: rgb(203, 209, 231);border-right-width: 1px;border-bottom-width: 1px;border-left-width: 1px;border-top-style: none;background-color: rgb(233, 236, 247);padding: 3px"><p style="text-align:center"><strong><span style="font-size:12px;font-family:&#39;Arial&#39;,&#39;sans-serif&#39;">10</span></strong></p></td><td width="10%" style="width: 10%;border-top-style: none;border-left-style: none;border-bottom-color: rgb(203, 209, 231);border-bottom-width: 1px;border-right-color: rgb(203, 209, 231);border-right-width: 1px;padding: 3px"><p><span style="font-size:12px;font-family:&#39;Arial&#39;,&#39;sans-serif&#39;">4.23-4.28</span></p></td><td width="42%" style="width: 42%;border-top-style: none;border-left-style: none;border-bottom-color: rgb(203, 209, 231);border-bottom-width: 1px;border-right-color: rgb(203, 209, 231);border-right-width: 1px;padding: 3px"><p><span style="font-size:12px;font-family:&#39;Arial&#39;,&#39;sans-serif&#39;">10.Project Tracking &amp; &nbsp;Control</span></p></td><td width="43%" style="width: 43%;border-top-style: none;border-left-style: none;border-bottom-color: rgb(203, 209, 231);border-bottom-width: 1px;border-right-color: rgb(203, 209, 231);border-right-width: 1px;padding: 3px"><p><span style="font-size:12px;font-family:宋体">贯穿全学期的课程作业</span></p></td></tr><tr><td width="5%" style="width: 5%;border-right-color: rgb(203, 209, 231);border-bottom-color: rgb(203, 209, 231);border-left-color: rgb(203, 209, 231);border-right-width: 1px;border-bottom-width: 1px;border-left-width: 1px;border-top-style: none;background-color: rgb(233, 236, 247);padding: 3px"><p style="text-align:center"><strong><span style="font-size:12px;font-family:&#39;Arial&#39;,&#39;sans-serif&#39;">11</span></strong></p></td><td width="10%" style="width: 10%;border-top-style: none;border-left-style: none;border-bottom-color: rgb(203, 209, 231);border-bottom-width: 1px;border-right-color: rgb(203, 209, 231);border-right-width: 1px;padding: 3px"><p><span style="font-size:12px;font-family:&#39;Arial&#39;,&#39;sans-serif&#39;">5.2-5.4</span></p></td><td width="42%" style="width: 42%;border-top-style: none;border-left-style: none;border-bottom-color: rgb(203, 209, 231);border-bottom-width: 1px;border-right-color: rgb(203, 209, 231);border-right-width: 1px;padding: 3px"><p><span style="font-size:12px;font-family:&#39;Arial&#39;,&#39;sans-serif&#39;">11.Project Organization &nbsp;Issues</span><span style="font-size:12px;font-family:宋体">、</span><span style="font-size:12px;font-family:&#39;Arial&#39;,&#39;sans-serif&#39;">Project Contract and &nbsp;Procedure</span></p></td><td width="43%" style="width: 43%;border-top-style: none;border-left-style: none;border-bottom-color: rgb(203, 209, 231);border-bottom-width: 1px;border-right-color: rgb(203, 209, 231);border-right-width: 1px;padding: 3px"><p><span style="font-size:12px;font-family:宋体">贯穿全学期的课程作业</span></p></td></tr><tr><td width="5%" style="width: 5%;border-right-color: rgb(203, 209, 231);border-bottom-color: rgb(203, 209, 231);border-left-color: rgb(203, 209, 231);border-right-width: 1px;border-bottom-width: 1px;border-left-width: 1px;border-top-style: none;background-color: rgb(233, 236, 247);padding: 3px"><p style="text-align:center"><strong><span style="font-size:12px;font-family:&#39;Arial&#39;,&#39;sans-serif&#39;">12</span></strong></p></td><td width="10%" style="width: 10%;border-top-style: none;border-left-style: none;border-bottom-color: rgb(203, 209, 231);border-bottom-width: 1px;border-right-color: rgb(203, 209, 231);border-right-width: 1px;padding: 3px"><p><span style="font-size:12px;font-family:&#39;Arial&#39;,&#39;sans-serif&#39;">5.7-5.11</span></p></td><td width="42%" style="width: 42%;border-top-style: none;border-left-style: none;border-bottom-color: rgb(203, 209, 231);border-bottom-width: 1px;border-right-color: rgb(203, 209, 231);border-right-width: 1px;padding: 3px"><p><span style="font-size:12px;font-family:&#39;Arial&#39;,&#39;sans-serif&#39;">12.PM Systems, Design &amp; &nbsp;Integration</span></p></td><td width="43%" style="width: 43%;border-top-style: none;border-left-style: none;border-bottom-color: rgb(203, 209, 231);border-bottom-width: 1px;border-right-color: rgb(203, 209, 231);border-right-width: 1px;padding: 3px"><p><span style="font-size:12px;font-family:宋体">贯穿全学期的课程作业</span></p></td></tr><tr><td width="5%" style="width: 5%;border-right-color: rgb(203, 209, 231);border-bottom-color: rgb(203, 209, 231);border-left-color: rgb(203, 209, 231);border-right-width: 1px;border-bottom-width: 1px;border-left-width: 1px;border-top-style: none;background-color: rgb(233, 236, 247);padding: 3px"><p style="text-align:center"><strong><span style="font-size:12px;font-family:&#39;Arial&#39;,&#39;sans-serif&#39;">13</span></strong></p></td><td width="10%" style="width: 10%;border-top-style: none;border-left-style: none;border-bottom-color: rgb(203, 209, 231);border-bottom-width: 1px;border-right-color: rgb(203, 209, 231);border-right-width: 1px;padding: 3px"><p><span style="font-size:12px;font-family:&#39;Arial&#39;,&#39;sans-serif&#39;">5.14-5.18</span></p></td><td width="42%" style="width: 42%;border-top-style: none;border-left-style: none;border-bottom-color: rgb(203, 209, 231);border-bottom-width: 1px;border-right-color: rgb(203, 209, 231);border-right-width: 1px;padding: 3px"><p><span style="font-size:12px;font-family:&#39;Arial&#39;,&#39;sans-serif&#39;">13.Project Final Stages</span></p></td><td width="43%" style="width: 43%;border-top-style: none;border-left-style: none;border-bottom-color: rgb(203, 209, 231);border-bottom-width: 1px;border-right-color: rgb(203, 209, 231);border-right-width: 1px;padding: 3px"><p><span style="font-size:12px;font-family:宋体">贯穿全学期的课程作业</span></p></td></tr><tr><td width="5%" style="width: 5%;border-right-color: rgb(203, 209, 231);border-bottom-color: rgb(203, 209, 231);border-left-color: rgb(203, 209, 231);border-right-width: 1px;border-bottom-width: 1px;border-left-width: 1px;border-top-style: none;background-color: rgb(233, 236, 247);padding: 3px"><p style="text-align:center"><strong><span style="font-size:12px;font-family:&#39;Arial&#39;,&#39;sans-serif&#39;">14</span></strong></p></td><td width="10%" style="width: 10%;border-top-style: none;border-left-style: none;border-bottom-color: rgb(203, 209, 231);border-bottom-width: 1px;border-right-color: rgb(203, 209, 231);border-right-width: 1px;padding: 3px"><p><span style="font-size:12px;font-family:&#39;Arial&#39;,&#39;sans-serif&#39;">5.21-5.25</span></p></td><td width="42%" style="width: 42%;border-top-style: none;border-left-style: none;border-bottom-color: rgb(203, 209, 231);border-bottom-width: 1px;border-right-color: rgb(203, 209, 231);border-right-width: 1px;padding: 3px"><p><span style="font-size:12px;font-family:&#39;Arial&#39;,&#39;sans-serif&#39;">14.Project Quality &amp; &nbsp;Performance Evaluation</span></p></td><td width="43%" style="width: 43%;border-top-style: none;border-left-style: none;border-bottom-color: rgb(203, 209, 231);border-bottom-width: 1px;border-right-color: rgb(203, 209, 231);border-right-width: 1px;padding: 3px"><p><span style="font-size:12px;font-family:宋体">贯穿全学期的课程作业</span></p></td></tr><tr><td width="5%" style="width: 5%;border-right-color: rgb(203, 209, 231);border-bottom-color: rgb(203, 209, 231);border-left-color: rgb(203, 209, 231);border-right-width: 1px;border-bottom-width: 1px;border-left-width: 1px;border-top-style: none;background-color: rgb(233, 236, 247);padding: 3px"><p style="text-align:center"><strong><span style="font-size:12px;font-family:&#39;Arial&#39;,&#39;sans-serif&#39;">15</span></strong></p></td><td width="10%" style="width: 10%;border-top-style: none;border-left-style: none;border-bottom-color: rgb(203, 209, 231);border-bottom-width: 1px;border-right-color: rgb(203, 209, 231);border-right-width: 1px;padding: 3px"><p><span style="font-size:12px;font-family:&#39;Arial&#39;,&#39;sans-serif&#39;">5.28-6.1</span></p></td><td width="42%" style="width: 42%;border-top-style: none;border-left-style: none;border-bottom-color: rgb(203, 209, 231);border-bottom-width: 1px;border-right-color: rgb(203, 209, 231);border-right-width: 1px;padding: 3px"><p><span style="font-size:12px;font-family:&#39;Arial&#39;,&#39;sans-serif&#39;">15.Project Strategy and &nbsp;Design</span></p></td><td width="43%" style="width: 43%;border-top-style: none;border-left-style: none;border-bottom-color: rgb(203, 209, 231);border-bottom-width: 1px;border-right-color: rgb(203, 209, 231);border-right-width: 1px;padding: 3px"><p><span style="font-size:12px;font-family:宋体">贯穿全学期的课程作业</span></p></td></tr><tr><td width="5%" style="width: 5%;border-right-color: rgb(203, 209, 231);border-bottom-color: rgb(203, 209, 231);border-left-color: rgb(203, 209, 231);border-right-width: 1px;border-bottom-width: 1px;border-left-width: 1px;border-top-style: none;background-color: rgb(233, 236, 247);padding: 3px"><p style="text-align:center"><strong><span style="font-size:12px;font-family:&#39;Arial&#39;,&#39;sans-serif&#39;">16</span></strong></p></td><td width="10%" style="width: 10%;border-top-style: none;border-left-style: none;border-bottom-color: rgb(203, 209, 231);border-bottom-width: 1px;border-right-color: rgb(203, 209, 231);border-right-width: 1px;padding: 3px"><p><span style="font-size:12px;font-family:&#39;Arial&#39;,&#39;sans-serif&#39;">6.4-6.8</span></p></td><td width="42%" style="width: 42%;border-top-style: none;border-left-style: none;border-bottom-color: rgb(203, 209, 231);border-bottom-width: 1px;border-right-color: rgb(203, 209, 231);border-right-width: 1px;padding: 3px"><p><span style="font-size:12px;font-family:&#39;Arial&#39;,&#39;sans-serif&#39;">16.Project Success</span><span style="font-size:12px;font-family:宋体">、</span><span style="font-size:12px;font-family:&#39;Arial&#39;,&#39;sans-serif&#39;">Review the Course</span></p></td><td width="43%" style="width: 43%;border-top-style: none;border-left-style: none;border-bottom-color: rgb(203, 209, 231);border-bottom-width: 1px;border-right-color: rgb(203, 209, 231);border-right-width: 1px;padding: 3px"><p><span style="font-size:12px;font-family:宋体">贯穿全学期的课程作业</span></p></td></tr></tbody></table><p><br/></p>', '<p><span style="font-family:宋体">《IT项目管理》第</span>5<span style="font-family:宋体">版</span><span style="font-family:宋体, SimSun;font-size:16px">，</span><span style="font-family:宋体, SimSun;font-size:16px"><span style="color: inherit; line-height: 40px;">凯西.施瓦尔贝(Kathy Schwalbe)</span><span style="color: inherit; line-height: 40px;">、 杨坤译</span>，</span>2009<span style="font-family: 宋体;">年</span>01<span style="font-family: 宋体;">月第</span>1<span style="font-family: 宋体;">版，<span style="font-family: 宋体; white-space: normal;">机械工业出版社</span>。</span></p>'),
(3, '<p><span style="font-family: 宋体; background-color: rgb(255, 255, 255);"></span>让学生通过本课程的学习了解并掌握有效的测试策略、方法和技术，测试计划和测试用例的设计，测试自动化的引入、应用，测试团队的建立和测试项目的管理，更清楚、准确地报告测试缺陷，对软件产品质量的正确评估，软件测试和质量保证的关系和区别。<span style="font-family: 宋体; background-color: rgb(255, 255, 255);"></span></p>', '<p><span style="font-family:宋体"></span></p><p><span style="font-family:宋体">（一）授课方式与要求</span></p><p><span style="font-family:宋体">课堂讲授、小组作业</span><span>(project)</span><span style="font-family:宋体">、团队任务。</span></p><p><span style="font-family:宋体">（二）</span><span style="font-family:宋体">考试评分与建议</span></p><p><span style="font-family:宋体">本门课程的评分分为</span><span> 3 </span><span style="font-family:宋体">个部分，每个部分分数分配如下：出勤：</span><span>10</span><span style="font-family:宋体">％；小组作业与报告：</span><span>40</span><span style="font-family:宋体">％；期末考试：</span><span>50</span><span style="font-family:宋体">％。</span></p>', '<p><span style="font-family:宋体">本课程是学校、</span><span style="font-family:宋体">企业、</span> <span style="font-family:宋体">国际三方进行实质性合作，注重理论与实践的结合。本课程是双语教学，实际上绝大部分是纯英语教学。聘请国外专家进行理论部分的讲解。实验课程聘请专业评测企业进行讲解，缩短理论与实际动手能力之间的距离。具体来讲，课程的内容安排如下</span><span>:</span></p><p><span style="font-family:宋体">第</span><span>1</span><span style="font-family:宋体">讲：绪论</span></p><p><span style="font-family:宋体">讲述测试原理及其重要性。讲述如果不进行测试带来的严重后果。软件测试给软件所增加的附加值。软件</span><span>bug</span><span style="font-family:宋体">和软件错误之间的区别。软件测试所涵盖的内容。软件测试的定义。软件开发过程、软件质量保证的意义、软件测试的基本概念和方法；软件质量的理解、质量评价指标和体系。</span></p><p><span style="font-family:宋体">第</span><span>2</span><span style="font-family:宋体">讲：软件测试技术及其过程</span></p><p><span style="font-family:宋体">主要讲述软件测试过程，软件生命周期测试过程与阶段、测试计划的制订，根据不同测试目的的不同测试策略的概念及原则。介绍测试用例的编写、白盒测试、黑盒测试、灰盒测试等方法。测试的方法包括：语句覆盖、分支、</span><span>DD-Path</span><span style="font-family:宋体">，</span><span style="font-family:宋体">条件覆盖、判断</span><span>/</span><span style="font-family:宋体">条件覆盖、多条件覆盖、路径覆盖、数据流、等价类划分、边界值分析、因果图、范畴划分、变异测试、代码走读、检查以及面向对象的测试等等。上述所有的方法均基于具体的案例进行深入讲解。</span></p><p><span style="font-family:宋体">第</span><span>3</span><span style="font-family:宋体">讲</span><span>. </span><span style="font-family:宋体">软件测试与软件工程</span></p><p><span style="font-family:宋体">内容主要涵盖软件测试工程中所涉及的测试过程以及测试工具。大致的内容有：</span></p><p><span style="font-family:宋体">单元测试、整合测试、回归测试、压力测试、界面测试、性能测试、测试管理系统等。另外，还介绍软件测试与极限编程之间的关联。软件测试的自动化。</span><span style="font-family:宋体">软件测试的缺陷和难点。最后介绍软件测试中的商业。</span></p><p><span style="font-family:宋体">第</span><span>4</span><span style="font-family:宋体">讲</span><span>. </span><span style="font-family:宋体">测试实现与自动化测试</span></p><p><span style="font-family:宋体">本节主要讲述如何具体实现软件测试。以丰富的案例为基础，讲述软件测试生命周期中测试计划的制定、测试用例的生成、测试执行和缺陷追踪、管理、测试报告编写，以及具体的软件测试工具的介绍包括</span><span>Rational</span><span style="font-family:宋体">产品和</span><span>JUnit</span><span style="font-family:宋体">等。</span></p><p><span style="font-family:宋体">具体学时分配如下：</span></p><p><span>1</span><span style="font-family:宋体">）主要内容及学时分配：</span></p><p><span>1. </span><span style="font-family:宋体">绪论</span><span>&nbsp; 4</span><span style="font-family:宋体">学时</span></p><p><span style="font-family:宋体">软件开发过程、软件质量保证的意义、软件测试的基本概念和方法；</span></p><p><span>2. </span><span style="font-family:宋体">软件质量透视</span><span>&nbsp;&nbsp;&nbsp;&nbsp;&nbsp;&nbsp;&nbsp;&nbsp;&nbsp;&nbsp;&nbsp;&nbsp;&nbsp;&nbsp;&nbsp;&nbsp;&nbsp;&nbsp;&nbsp;&nbsp;&nbsp;&nbsp;&nbsp;&nbsp;&nbsp; 4</span><span style="font-family:宋体">学时</span></p><p><span style="font-family:宋体">软件质量的理解、质量评价指标和体系；</span></p><p><span>3. </span><span style="font-family:宋体">软件测试过程</span><span>&nbsp;&nbsp;&nbsp;&nbsp;&nbsp;&nbsp;&nbsp;&nbsp;&nbsp;&nbsp;&nbsp;&nbsp;&nbsp;&nbsp;&nbsp; &nbsp;&nbsp;&nbsp;&nbsp;&nbsp;&nbsp;&nbsp;&nbsp;&nbsp;&nbsp;&nbsp;&nbsp;&nbsp;&nbsp;&nbsp;&nbsp;&nbsp;&nbsp;&nbsp;4</span><span style="font-family:宋体">学时</span></p><p><span style="font-family:宋体">软件生命周期测试过程与阶段、测试计划的制订</span></p><p><span style="font-family:宋体">课后练习：根据案例要求制订测试计划</span></p><p><span>4. </span><span style="font-family:宋体">测试策略</span><span>&nbsp;&nbsp;&nbsp;&nbsp;&nbsp;&nbsp;&nbsp;&nbsp;&nbsp;&nbsp;&nbsp;&nbsp;&nbsp;&nbsp;&nbsp;&nbsp;&nbsp;&nbsp;&nbsp;&nbsp;&nbsp;&nbsp;&nbsp;&nbsp;&nbsp;&nbsp;&nbsp;&nbsp;&nbsp;&nbsp;&nbsp;&nbsp;&nbsp;&nbsp; 4</span><span style="font-family:宋体">学时</span></p><p><span style="font-family:宋体">根据不同测试目的的不同测试策略的概念及原则</span></p><p><span style="font-family:宋体">课后练习：根据案例要求制订测试策略</span></p><p><span>5. </span><span style="font-family:宋体">测试方法</span><span>&nbsp;&nbsp;&nbsp;&nbsp;&nbsp;&nbsp;&nbsp;&nbsp;&nbsp;&nbsp;&nbsp;&nbsp;&nbsp;&nbsp;&nbsp;&nbsp;&nbsp;&nbsp;&nbsp;&nbsp;&nbsp;&nbsp;&nbsp;&nbsp;&nbsp;&nbsp;&nbsp;&nbsp;&nbsp;&nbsp; 8</span><span style="font-family:宋体">学时</span></p><p><span style="font-family:宋体">测试用例的编写、白盒测试、黑盒测试、灰盒测试等方法</span></p><p><span style="font-family:宋体">课后练习：根据案例要求应用不同测试方法编写测试用例并实施测试</span></p><p><span>6. </span><span style="font-family:宋体">测试工具</span><span>&nbsp;&nbsp;&nbsp;&nbsp;&nbsp;&nbsp;&nbsp;&nbsp;&nbsp;&nbsp;&nbsp;&nbsp;&nbsp;&nbsp;&nbsp;&nbsp;&nbsp;&nbsp;&nbsp;&nbsp;&nbsp;&nbsp;&nbsp;&nbsp;&nbsp;&nbsp;&nbsp;&nbsp;&nbsp;&nbsp; 4</span><span style="font-family:宋体">学时</span></p><p><span style="font-family:宋体">介绍单元测试、界面测试、性能测试、测试管理系统等软件测试工具</span></p><p><span style="font-family:宋体">课后练习：在案例中实际应用测试工具</span></p><p><span>7. </span><span style="font-family:宋体">质量保证的策略与方法</span><span>&nbsp;&nbsp;&nbsp;&nbsp;&nbsp;&nbsp;&nbsp;&nbsp;&nbsp;&nbsp;&nbsp;&nbsp;&nbsp;&nbsp;&nbsp;&nbsp;&nbsp;&nbsp;&nbsp;&nbsp;&nbsp;&nbsp;&nbsp;&nbsp;&nbsp;&nbsp;&nbsp;&nbsp;&nbsp;&nbsp;&nbsp;&nbsp; 4</span><span style="font-family:宋体">学时</span></p><p><span style="font-family:宋体">软件质量保证的体系、策略和方法</span></p><p><span>2</span><span style="font-family:宋体">）相关教学环节安排：</span></p><p><span>1. </span><span style="font-family:宋体">课程分组，不多于</span><span>6</span><span style="font-family:宋体">人一组；</span></p><p><span>2. </span><span style="font-family:宋体">多媒体教学；</span></p><p><span>3. </span><span style="font-family:宋体">课件、课程作业采用</span><span>FTP</span><span style="font-family:宋体">服务器上传下载。</span></p><p><span>3</span><span style="font-family:宋体">）实验课安排</span></p><p><span style="font-family:宋体">实验课共</span><span>16</span><span style="font-family:宋体">学时，主要教学目标为锻炼学生的动手能力和理解、掌握课堂讲授的理论知识。同时培养学生的团队合作、项目测试流程训练等。</span></p><p><span>1&nbsp;&nbsp;&nbsp;&nbsp;&nbsp;&nbsp; StatementTesting&nbsp;&nbsp; </span><span style="font-family:宋体">学习</span><span>CFG</span><span style="font-family:宋体">图，语句覆盖测试的测试用例生成和数据分析</span><span>&nbsp; &nbsp; &nbsp;2&nbsp;&nbsp;&nbsp;&nbsp;&nbsp;&nbsp; </span></p><p><span>2&nbsp;&nbsp;&nbsp;&nbsp;&nbsp;&nbsp; BranchTesting/ Condition Coverage&nbsp;&nbsp;&nbsp;&nbsp;&nbsp;&nbsp; </span><span style="font-family:宋体">学习在</span><span>CFG</span><span style="font-family:宋体">图上生成分支和条件覆盖的测试用例</span><span>&nbsp;&nbsp;&nbsp; 2&nbsp;&nbsp;&nbsp;&nbsp;&nbsp;&nbsp; </span></p><p><span>3&nbsp;&nbsp;&nbsp;&nbsp;&nbsp;&nbsp; Decision/ConditionCoverage and Multiple Condition Coverage&nbsp;&nbsp;&nbsp; </span><span style="font-family:宋体">学习判定、条件覆盖、多条件覆盖测试用例之间的区别和测试数据的产生</span><span>&nbsp;&nbsp;&nbsp;&nbsp; 2&nbsp;&nbsp;&nbsp;&nbsp;&nbsp;&nbsp; </span></p><p><span>4&nbsp;&nbsp;&nbsp;&nbsp;&nbsp;&nbsp; PathTesting and DU Pair Testing&nbsp;&nbsp;&nbsp; </span><span style="font-family:宋体">学习路径覆盖和</span><span>DU</span><span style="font-family:宋体">对测试，理解全面覆盖的含义以及测试用例的产生</span><span>&nbsp;&nbsp;&nbsp;&nbsp;&nbsp; 2&nbsp;&nbsp;&nbsp;&nbsp;&nbsp;&nbsp; </span></p><p><span>5&nbsp;&nbsp;&nbsp;&nbsp;&nbsp;&nbsp; MutationTesting, Equivalence Partitioning and Boundary Value Analysis&nbsp;&nbsp;&nbsp;&nbsp; </span><span style="font-family:宋体">学习突变测试、黑盒测试的技术如等价类划分、边界值分析等。</span><span>&nbsp;&nbsp;&nbsp;&nbsp; 2&nbsp;&nbsp;&nbsp;&nbsp;&nbsp;&nbsp; </span></p><p><span>6&nbsp;&nbsp;&nbsp;&nbsp;&nbsp;&nbsp; Testingproject&nbsp;&nbsp;&nbsp;&nbsp;&nbsp;&nbsp;&nbsp;&nbsp; </span><span style="font-family:宋体">学习测试在质量保证过程中的作用和流程，包括测试计划的制定、测试策略的选择、测试用例的生成、执行测试、测试数据分析等。</span><span>&nbsp;&nbsp;&nbsp;&nbsp; 6</span></p>', '<p><span style="white-space: nowrap;">1、自编讲义</span></p><p><span style="white-space: nowrap;">2、《软件工程--实践者之路》（英文原名：Software Engineering - A Practitioner’s Approach）英文版第五版，Roger S. Pressman，清华大学出版社 2001</span></p><p><span style="white-space: nowrap;">3、《软件质量保证（英文版）》，Daniel Galin，机械工业出版社 ISBN：7111167872，出版日期:2005-7</span></p><p><span style="white-space: nowrap;">4、《软件测试》，（美）佩腾（Patton,R.） 著，张小松 等译，机械工业出版社，ISBN：7111185269，出版日期:2006-4</span></p><p><span style="white-space: nowrap;">相关的教学网站:</span></p><p><span style="white-space: nowrap;">&lt;Http://www.cs.zju.edu.cn/people/yedeshi/&gt;</span></p><p><br/></p>');

-- --------------------------------------------------------

--
-- 表的结构 `recourse`
--

CREATE TABLE IF NOT EXISTS `recourse` (
  `userid` varchar(20) NOT NULL,
  `name` varchar(30) DEFAULT NULL,
  `filename_see` varchar(30) NOT NULL,
  `filename` varchar(80) NOT NULL,
  `uploaddate` date NOT NULL,
  `information` varchar(200) DEFAULT '无',
  `downcount` int(8) DEFAULT '0',
  `classid` int(11) NOT NULL,
  `courseid` int(11) NOT NULL,
  PRIMARY KEY (`filename`)
) ENGINE=InnoDB DEFAULT CHARSET=utf8;

--
-- 转存表中的数据 `recourse`
--

INSERT INTO `recourse` (`userid`, `name`, `filename_see`, `filename`, `uploaddate`, `information`, `downcount`, `classid`, `courseid`) VALUES
('teacher', '刑卫', 'picture.jpg', '1387303400picture.jpg', '2013-12-17', '你好，这是图片', 0, 1, 1);

-- --------------------------------------------------------

--
-- 表的结构 `share`
--

CREATE TABLE IF NOT EXISTS `share` (
  `userid` varchar(20) NOT NULL,
  `name` varchar(30) DEFAULT NULL,
  `filename_see` varchar(30) NOT NULL,
  `filename` varchar(200) NOT NULL,
  `uploaddate` date NOT NULL,
  `information` varchar(200) DEFAULT '无',
  `downcount` int(8) DEFAULT '0',
  `courseid` int(11) NOT NULL,
  PRIMARY KEY (`filename`)
) ENGINE=InnoDB DEFAULT CHARSET=utf8;

--
-- 转存表中的数据 `share`
--

INSERT INTO `share` (`userid`, `name`, `filename_see`, `filename`, `uploaddate`, `information`, `downcount`, `courseid`) VALUES
('teacher', '刑卫', 'picture.jpg', '1387303400picture.jpg', '2013-12-17', '111', 0, 1),
('teacher4', '金波', 'picture2.jpg', '1387303400picture2.jpg', '2013-12-17', '222', 0, 2),
('teacher4', '金波', 'picture3.jpg', '1387303400picture3.jpg', '2013-12-17', '333', 0, 2),
('teacher2', '胡天磊', 'picture4.jpg', '1387303400picture4.jpg', '2013-12-17', '444', 0, 1),
('teacher', '刑卫', 'picture5.jpg', '1387303400picture5.jpg', '2013-12-17', '555', 0, -1),
('student', '某某', 'picture6.jpg', '1387303400picture6.jpg', '2013-12-17', '666', 0, 1);

-- --------------------------------------------------------

--
-- 表的结构 `slide`
--

CREATE TABLE IF NOT EXISTS `slide` (
  `userid` varchar(20) NOT NULL,
  `name` varchar(30) DEFAULT NULL,
  `filename_see` varchar(30) NOT NULL,
  `filename` varchar(200) NOT NULL,
  `uploaddate` date NOT NULL,
  `information` varchar(200) DEFAULT '无',
  `downcount` int(8) DEFAULT '0',
  `classid` int(11) NOT NULL,
  `courseid` int(11) NOT NULL,
  PRIMARY KEY (`filename`)
) ENGINE=InnoDB DEFAULT CHARSET=utf8;

--
-- 转存表中的数据 `slide`
--

INSERT INTO `slide` (`userid`, `name`, `filename_see`, `filename`, `uploaddate`, `information`, `downcount`, `classid`, `courseid`) VALUES
('teacher2', '胡天磊', '123.ppt', '1387303400123.ppt', '2013-12-17', 'PPT', 0, 1, 1),
('teacher', '刑卫', 'picture.jpg', '1387303400picture.jpg', '2013-12-17', '你好，这是图片', 0, 1, 1),
('teacher4', '金波', 'picture2.jpg', '1387303401picture2.jpg', '2013-12-17', '你好，这是图片', 0, 3, 2);

-- --------------------------------------------------------

--
-- 表的结构 `stu_belong`
--

CREATE TABLE IF NOT EXISTS `stu_belong` (
  `userid` varchar(20) NOT NULL,
  `courseid` int(11) NOT NULL,
  `classid` int(11) NOT NULL,
  `team` int(11) DEFAULT NULL,
  PRIMARY KEY (`userid`,`courseid`)
) ENGINE=InnoDB DEFAULT CHARSET=utf8;

--
-- 转存表中的数据 `stu_belong`
--

INSERT INTO `stu_belong` (`userid`, `courseid`, `classid`, `team`) VALUES
('student', 1, 1, NULL),
('student', 2, 1, 4);

-- --------------------------------------------------------

--
-- 表的结构 `ta_belong`
--

CREATE TABLE IF NOT EXISTS `ta_belong` (
  `rid` int(11) NOT NULL AUTO_INCREMENT,
  `userid` varchar(20) DEFAULT NULL,
  `name` varchar(30) NOT NULL,
  `courseid` int(11) NOT NULL,
  `classid` int(11) NOT NULL,
  PRIMARY KEY (`rid`)
) ENGINE=InnoDB  DEFAULT CHARSET=utf8 AUTO_INCREMENT=2 ;

--
-- 转存表中的数据 `ta_belong`
--

INSERT INTO `ta_belong` (`rid`, `userid`, `name`, `courseid`, `classid`) VALUES
(1, 'ta', '郑外辉', 1, 1);

-- --------------------------------------------------------

--
-- 表的结构 `tch_belong`
--

CREATE TABLE IF NOT EXISTS `tch_belong` (
  `rid` int(11) NOT NULL AUTO_INCREMENT,
  `userid` varchar(20) DEFAULT NULL,
  `name` varchar(30) NOT NULL,
  `courseid` int(11) NOT NULL,
  `classid` int(11) NOT NULL,
  PRIMARY KEY (`rid`)
) ENGINE=InnoDB  DEFAULT CHARSET=utf8 AUTO_INCREMENT=14 ;

--
-- 转存表中的数据 `tch_belong`
--

INSERT INTO `tch_belong` (`rid`, `userid`, `name`, `courseid`, `classid`) VALUES
(1, 'teacher', '邢卫', 1, 1),
(2, 'teacher', '邢卫', 1, 2),
(3, 'teacher', '邢卫', 2, 1),
(6, 'teacher4', '金波', 2, 3),
(13, 'teacher2', '胡天磊', 1, 1);

-- --------------------------------------------------------

--
-- 表的结构 `tinfo`
--

CREATE TABLE IF NOT EXISTS `tinfo` (
  `course` int(8) NOT NULL,
  `info` text COLLATE utf8_unicode_ci NOT NULL,
  PRIMARY KEY (`course`),
  UNIQUE KEY `course` (`course`)
) ENGINE=InnoDB DEFAULT CHARSET=utf8 COLLATE=utf8_unicode_ci;

--
-- 转存表中的数据 `tinfo`
--

INSERT INTO `tinfo` (`course`, `info`) VALUES
(1, '<p><span style=";font-family:宋体"><img src="http://localhost/sestudy/resource/ueditor/php/upload/20131205/13862191377540.png" _src="http://localhost/sestudy/resource/ueditor/php/upload/20131205/13862191377540.png" width="120" height="150"/></span></p><p><span style="background-color: rgb(255, 255, 255);"><span style="font-family: 宋体;">姓名：邢卫（</span>Xing Wei<span style="font-family: 宋体;">）</span></span></p><p><span style="background-color: rgb(255, 255, 255);"><span style=";font-family:宋体">职称：</span><span>PhD,Associate Prof.</span></span></p><p><span style="background-color: rgb(255, 255, 255);"><span style="font-family: 宋体;">电话：</span>13958030163</span></p><p><span>Email</span><span style=";font-family:宋体">：</span><span><a href="http://mailto:wxing@zju.edu.cn">wxing@zju.edu.cn</a></span></p><p><span style=";font-family:宋体">个人简历：</span></p><p style="margin-left:28px"><span>1985</span><span style=";font-family:宋体">年</span><span>9</span><span style=";font-family:宋体">月至</span><span>1989</span><span style=";font-family:宋体">年</span><span>7</span><span style=";font-family:宋体">月，浙江大学计算机系，本科生</span></p><p style="margin-left:28px"><span>1989</span><span style=";font-family:宋体">年</span><span>9</span><span style=";font-family:宋体">月至</span><span>1992</span><span style=";font-family:宋体">年</span><span>3</span><span style=";font-family:宋体">月，浙江大学计算机系，硬士研究生</span></p><p style="margin-left:28px"><span>1992</span><span style=";font-family:宋体">年</span><span>4</span><span style=";font-family:宋体">月至</span><span>2002</span><span style=";font-family:宋体">年</span><span>6</span><span style=";font-family:宋体">月，浙江大学信．息学院控制系，讲师，副教授</span></p><p style="margin-left:28px"><span>2002</span><span style=";font-family:宋体">年</span><span>6</span><span style=";font-family:宋体">月至现在，浙江大学计算机学院，副教授</span></p><p style="margin-left:28px"><span>2004</span><span style=";font-family:宋体">年</span><span>9</span><span style=";font-family:宋体">月至现在，浙江大学计算机学院，博士研究生</span></p><p><span style=";font-family:宋体">研究领域与方向：</span></p><p style="text-indent:28px"><span style=";font-family:宋体">计算机网络技术及应用、电子政务模型及应用</span></p><p><span>&nbsp;</span></p><p><span>&nbsp;</span></p><p><span>&nbsp;<img src="http://localhost/sestudy/resource/ueditor/php/upload/20131205/13862192477780.png" _src="http://localhost/sestudy/resource/ueditor/php/upload/20131205/13862192477780.png" width="120" height="166"/></span></p><p><span style=";font-family:宋体">姓名：胡天磊（</span><span>HuTian-lei</span><span style=";font-family:宋体">）</span></p><p><span style=";font-family:宋体">职称：</span><span>PhD,Associate Prof.</span></p><p><span style=";font-family:宋体">电话：</span><span>13958091761</span></p><p><span>Email</span><span style=";font-family:宋体">：</span><span><a href="http://htl@zju.edu.cn" target="_self">htl@zju.edu.cn</a></span></p><p><span style=";font-family:宋体">个人简历：</span></p><p><span>&nbsp;</span></p><p><span style=";font-family:宋体">研究领域与方向：</span> </p><p><span>&nbsp;</span></p><p><span>&nbsp;</span></p><p><span>&nbsp;<img src="http://localhost/sestudy/resource/ueditor/php/upload/20131205/13862192587486.jpg" _src="http://localhost/sestudy/resource/ueditor/php/upload/20131205/13862192587486.jpg" width="120" height="159"/></span></p><p><span style=";font-family:宋体">姓名：刘玉生（</span><span>Liu Yu-sheng</span><span style=";font-family:宋体">）</span></p><p><span style=";font-family:宋体">职称：</span><span>PhD,Associate Prof.</span></p><p><span style=";font-family:宋体">电话：</span><span>13093781234</span></p><p><span>Email</span><span style=";font-family:宋体">：</span><span><a href="http://ysliu@cad.zju.edu.cn" target="_self">ysliu@cad.zju.edu.cn</a></span></p><p><span style=";font-family:宋体">个人简历：</span></p><p style="margin-left:28px"><span></span></p><p style="margin-left:28px"><span>Born inLiling, Hunan, China, 1970.</span></p><p style="margin-left:28px"><span>B.S. ChineseUniversity of Mining and Tech,1992.</span></p><p style="margin-left:28px"><span>M.S. ZhejiangUniversity, 1995.</span></p><p style="margin-left:28px"><span>Ph.D. Zhejiang University, 2000.</span></p><p><span style=";font-family:宋体">研究领域与方向：</span> </p><p style="margin-left:28px"><span>Model-drivenEngineering Design; Model-based Systems Engineering (MBSE)</span></p><p style="margin-left:28px"><span>Multi-disciplinaryMechatronic System Modeling, Design and Simulation</span></p><p style="margin-left:28px"><span>CAD/CAE/CAMIntegration &amp; Virtual Prototyping</span></p><p style="margin-left:28px"><span>3D ModelRetrieval &amp; Knowledge Reuse</span></p><p><br/></p>'),
(2, '<p><span style=";font-family:宋体"></span><span style="font-family: 宋体;">姓名：金波（</span>Jin Bo<span style="font-family: 宋体;">）</span></p><p><span style="background-color: rgb(255, 255, 255);"><span style=";font-family:宋体">职称：</span><span>高级工程师</span></span></p><p><span style="background-color: rgb(255, 255, 255);"><span style="font-family: 宋体;">电话：</span></span>18958127069</p><p><span>Email</span><span style=";font-family:宋体">：jb21cn@zju.edu.cn</span></p><p><span style=";font-family:宋体">个人简历：</span></p><p style="margin-left:28px"><span></span></p><p style="text-indent:31px;text-autospace:none"><span style=";font-family:宋体">主要从事软件开发技术、软件工程、计算机网络工程、建筑物智能化技术和应用、项目管理、过程改进、质量控制、项目实施规划、项目战略规划编制等的研究，曾长期从事嵌入式系统的研发。对软件产品项目管理、成本控制、质量认证、过程监理、价值评估等有长期深入的研究和丰富的实践经验，曾获得国家部级科技进步一等奖。</span></p><p style="text-indent:31px;text-autospace:none"><span style=";font-family:宋体">最近，主持研制</span><span style=";font-family:&#39;Times New Roman&#39;,&#39;serif&#39;">(</span><span style=";font-family:宋体">数据流、视频流和音频流</span><span style=";font-family:&#39;Times New Roman&#39;,&#39;serif&#39;">)</span><span style=";font-family:宋体">“三流合一”的电信级多媒体通信平台获得成功。</span></p>'),
(3, '');

-- --------------------------------------------------------

--
-- 表的结构 `topic`
--

CREATE TABLE IF NOT EXISTS `topic` (
  `topic_id` int(8) NOT NULL AUTO_INCREMENT,
  `author_id` varchar(20) DEFAULT NULL,
  `author_name` varchar(30) NOT NULL,
  `forumid` int(11) NOT NULL,
  `number_of_comment` int(4) DEFAULT NULL,
  `time` int(16) DEFAULT NULL,
  `content` text,
  `noname` tinyint(1) NOT NULL DEFAULT '0',
  PRIMARY KEY (`topic_id`)
) ENGINE=InnoDB  DEFAULT CHARSET=utf8 AUTO_INCREMENT=24 ;

--
-- 转存表中的数据 `topic`
--

INSERT INTO `topic` (`topic_id`, `author_id`, `author_name`, `forumid`, `number_of_comment`, `time`, `content`, `noname`) VALUES
(13, 'student', '', 1, 3, 1387261444, '这是一个测试', 0),
(14, 'student', '', 0, 2, 1387950202, '这门课程的期末考试是开卷吗？', 1),
(15, 'student', '', 0, 0, 1387950953, 'Try it again\n', 0),
(16, 'teacher', '', 0, 0, 1387953282, '请问一下大家希望答辩安排在什么时间？', 0),
(17, 'teacher', '', 0, 0, 1387953325, '请问一下大家希望答辩安排在什么时间？', 0),
(18, 'teacher', '', 0, 0, 1387953330, '请问一下大家希望答辩安排在什么时间？', 0),
(19, 'teacher', '邢卫', 1, 0, 1387955765, 'Try a again', 0),
(20, 'teacher', '邢卫', 1, 0, 1387956908, '啦啦啦', 0),
(21, 'teacher', '邢卫', 0, 1, 1388561327, 'hello', 0),
(22, 'teacher', '邢卫', 1, 0, 1388562169, 'abab', 0),
(23, 'teacher', '邢卫', 4, 0, 1388562179, 'abbababaab', 0);

-- --------------------------------------------------------

--
-- 表的结构 `topic_comment`
--

CREATE TABLE IF NOT EXISTS `topic_comment` (
  `comment_id` int(8) NOT NULL AUTO_INCREMENT,
  `topic_id` int(8) DEFAULT NULL,
  `author_id` varchar(20) DEFAULT NULL,
  `author_name` varchar(30) NOT NULL,
  `time` int(16) DEFAULT NULL,
  `content` text,
  `noname` tinyint(1) NOT NULL DEFAULT '0',
  PRIMARY KEY (`comment_id`)
) ENGINE=InnoDB  DEFAULT CHARSET=utf8 AUTO_INCREMENT=28 ;

--
-- 转存表中的数据 `topic_comment`
--

INSERT INTO `topic_comment` (`comment_id`, `topic_id`, `author_id`, `author_name`, `time`, `content`, `noname`) VALUES
(22, 13, 'student', '', 1387261462, '这是另外一个测试', 0),
(23, 13, 'student', '', 1387261510, 'こんにちは', 0),
(24, 13, 'student', '', 1387261700, '안녕하세요', 0),
(25, 14, 'student', '', 1387950212, '闭卷', 0),
(26, 21, 'teacher', '邢卫', 1388561338, 'yeah!', 0),
(27, 14, 'teacher', '邢卫', 1388561357, '为什么闭卷啊', 0);

-- --------------------------------------------------------

--
-- 表的结构 `users`
--

CREATE TABLE IF NOT EXISTS `users` (
  `userid` varchar(20) NOT NULL,
  `password` varchar(60) NOT NULL,
  `role` char(1) NOT NULL,
  `email` varchar(60) DEFAULT NULL,
  `name` varchar(30) DEFAULT NULL,
  `major` varchar(60) DEFAULT NULL,
  `tel` varchar(15) DEFAULT NULL,
  `ques` varchar(200) DEFAULT NULL,
  `answer` varchar(200) DEFAULT NULL,
  PRIMARY KEY (`userid`)
) ENGINE=InnoDB DEFAULT CHARSET=utf8;

--
-- 转存表中的数据 `users`
--

INSERT INTO `users` (`userid`, `password`, `role`, `email`, `name`, `major`, `tel`, `ques`, `answer`) VALUES
('student', 'student', 'S', 'student@zju.edu.cn', '某某', '计算机科学与技术', '18868813800', '三点一四一五九二六', '5358979'),
('ta', 'ta', 'A', NULL, '测试员A', NULL, NULL, NULL, NULL),
('teacher', 'teacher', 'T', 'wxing@zju.edu.cn', '邢卫', '计算机科学与技术', '18788888888', '', ''),
('teacher2', 'teacher2', 'T', 'htl@zju.edu.cn', '胡天磊', '计算机科学与技术', '18766666666', NULL, NULL),
('teacher4', 'teacher4', 'T', 'jb@21cn.com', '金波', '计算机科学与技术', NULL, NULL, NULL);

/*!40101 SET CHARACTER_SET_CLIENT=@OLD_CHARACTER_SET_CLIENT */;
/*!40101 SET CHARACTER_SET_RESULTS=@OLD_CHARACTER_SET_RESULTS */;
/*!40101 SET COLLATION_CONNECTION=@OLD_COLLATION_CONNECTION */;
